POSITION,BIB,COUNTRY,ATHLETE,MARK,REACTION TIME,GENDER,EVENT,MIXED
1,2571,JAM,Oblique SEVILLE,9.77 PB,0.157,M,100M,0
2,2574,JAM,Kishane THOMPSON,9.82,0.16,M,100M,0
3,3016,USA,Noah LYLES,9.89 SB,0.192,M,100M,0
4,2976,USA,Kenneth BEDNAREK,9.92,0.211,M,100M,0
5,2862,RSA,Gift LEOTLELA,9.95,0.184,M,100M,0
6,2746,NGR,Kayinsola AJAYI,10,0.177,M,100M,0
7,2873,RSA,Akani SIMBINE,10.04,0.162,M,100M,0
,2113,BOT,Letsile TEBOGO,DQ,-0.317,M,100M,0
1,1414,USA,Melissa JEFFERSON-WOODEN,10.61 CR,0.173,F,100M,0
2,1020,JAM,Tina CLAYTON,10.76 PB,0.203,F,100M,0
3,1106,LCA,Julien ALFRED,10.84,0.169,F,100M,0
4,1028,JAM,Shericka JACKSON,10.88 =SB,0.18,F,100M,0
5,1439,USA,Sha'Carri RICHARDSON,10.94 SB,0.178,F,100M,0
6,1024,JAM,Shelly-Ann FRASER-PRYCE,11.03,0.195,F,100M,0
7,690,CIV,Marie-Josée TA LOU-SMITH,11.04,0.202,F,100M,0
8,852,GBR,Dina ASHER-SMITH,11.08,0.186,F,100M,0
1,3016,USA,Noah LYLES,19.52,0.167,M,200M,0
2,2976,USA,Kenneth BEDNAREK,19.58 SB,0.179,M,200M,0
3,2560,JAM,Bryan LEVELL,19.64 PB,0.147,M,200M,0
4,2113,BOT,Letsile TEBOGO,19.65 SB,0.163,M,200M,0
5,2380,GBR,Zharnel HUGHES,19.78 SB,0.126,M,200M,0
6,2258,DOM,Alexander OGANDO,20.01,0.149,M,200M,0
7,3065,ZIM,Tapiwanashe MAKARAWU,20.12,0.136,M,200M,0
8,2853,RSA,Sinesipho DAMBILE,20.23,0.169,M,200M,0
1,1414,USA,Melissa JEFFERSON-WOODEN,21.68 WL,0.17,F,200M,0
2,862,GBR,Amy HUNT,22.14,0.163,F,200M,0
3,1028,JAM,Shericka JACKSON,22.18,0.169,F,200M,0
4,1377,USA,Anavia BATTLE,22.22,0.15,F,200M,0
5,852,GBR,Dina ASHER-SMITH,22.43,0.147,F,200M,0
6,1380,USA,Brittany BROWN,22.54,0.203,F,200M,0
7,690,CIV,Marie-Josée TA LOU-SMITH,22.62,0.166,F,200M,0
8,1423,USA,Mckenzie LONG,22.78,0.197,F,200M,0
,562,BAH,Anthonique STRACHAN,DQ,-0.339,F,200M,0
1,2106,BOT,Busang Collen KEBINATSHIPI,43.53 WL,0.134,M,400M,0
2,2932,TTO,Jereem RICHARDS,43.72 NR,0.145,M,400M,0
3,2108,BOT,Bayapo NDORI,44.20 SB,0.144,M,400M,0
4,2562,JAM,Rusheen MCDONALD,44.28,0.201,M,400M,0
5,2867,RSA,Zakithi NENE,44.55,0.139,M,400M,0
6,2606,JPN,Yuki Joseph NAKAJIMA,44.62,0.201,M,400M,0
7,3029,USA,Jacory PATTERSON,44.7,0.141,M,400M,0
8,2104,BOT,Lee Bhekempilo EPPIE,44.77,0.151,M,400M,0
1,1427,USA,Sydney MCLAUGHLIN-LEVRONE,47.78 CR,0.171,F,400M,0
2,741,DOM,Marileidy PAULINO,47.98 NR,0.183,F,400M,0
3,613,BRN,Salwa Eid NASER,48.19 SB,0.189,F,400M,0
4,1198,POL,Natalia BUKOWIECKA,49.27 SB,0.168,F,400M,0
5,851,GBR,Amber ANNING,49.36 SB,0.175,F,400M,0
6,711,CUB,Roxana GÓMEZ,49.48 NR,0.195,F,400M,0
7,1176,NOR,Henriette JÆGER,49.74,0.148,F,400M,0
8,1035,JAM,Nickisha PRYCE,49.97,0.158,F,400M,0
1,2662,KEN,Emmanuel WANYONYI,1:41.86 CR,,M,800M,0
2,2007,ALG,Djamel SEDJATI,1:41.90 SB,,M,800M,0
3,2147,CAN,Marco AROP,1:41.95 SB,,M,800M,0
4,2491,IRL,Cian MCPHILLIPS,1:42.15 NR,,M,800M,0
5,2271,ESP,Mohamed ATTAOUI,1:42.21 SB,,M,800M,0
6,2363,GBR,Max BURGIN,1:42.29 PB,,M,800M,0
7,2546,JAM,Navasky ANDERSON,1:42.76 NR,,M,800M,0
8,2107,BOT,Tshepiso MASALELA,1:42.77,,M,800M,0
1,1095,KEN,Lilian ODIRA,1:54.62 CR,,F,800M,0
2,863,GBR,Georgia HUNTER BELL,1:54.90 PB,,F,800M,0
3,861,GBR,Keely HODGKINSON,1:54.91,,F,800M,0
4,1093,KEN,Sarah MORAA,1:55.74 PB,,F,800M,0
5,1409,USA,Sage HURTA-KLECKER,1:55.89 PB,,F,800M,0
6,1309,SUI,Audrey WERRO,1:56.17,,F,800M,0
7,1092,KEN,Mary MORAA,1:57.10 SB,,F,800M,0
8,530,AUS,Jessica HULL,1:57.30,,F,800M,0
1,2820,POR,Isaac NADER,3:34.10,,M,1500M,0
2,2391,GBR,Jake WIGHTMAN,3:34.12,,M,1500M,0
3,2628,KEN,Reynold CHERUIYOT,3:34.25,,M,1500M,0
4,2629,KEN,Timothy CHERUIYOT,3:34.50,,M,1500M,0
5,2736,NED,Niels LAROS,3:34.52,,M,1500M,0
6,2408,GER,Robert FARKEN,3:35.15,,M,1500M,0
7,2530,ITA,Federico RIVA,3:35.33,,M,1500M,0
8,2273,ESP,Adrián BEN,3:35.38,,M,1500M,0
9,2876,RSA,Tshepo TSHITE,3:35.50,,M,1500M,0
10,2376,GBR,Neil GOURLEY,3:35.56,,M,1500M,0
11,2923,SWE,Samuel PIHLSTRÖM,3:35.74,,M,1500M,0
12,2480,IRL,Andrew COSCORAN,3:35.87,,M,1500M,0
13,3011,USA,Jonah KOECH,3:37.00,,M,1500M,0
14,2381,GBR,Josh KERR,4:11.23,,M,1500M,0
1,1088,KEN,Faith KIPYEGON,3:52.15,,F,1500M,0
2,1083,KEN,Dorcus EWOI,3:54.92 PB,,F,1500M,0
3,530,AUS,Jessica HULL,3:55.16,,F,1500M,0
4,1078,KEN,Nelly CHEPCHIRCHIR,3:55.25 PB,,F,1500M,0
5,1405,USA,Nikki HILTZ,3:57.08,,F,1500M,0
6,788,ETH,Freweyni HAILU,3:57.33,,F,1500M,0
7,1204,POL,Klaudia KAZIMIERSKA,3:57.95 PB,,F,1500M,0
8,839,FRA,Sarah MADELEINE,3:58.09 PB,,F,1500M,0
9,768,ESP,Marta PÉREZ,3:58.54 SB,,F,1500M,0
10,955,IRL,Sarah HEALY,3:59.14,,F,1500M,0
11,621,CAN,Gabriela DEBUES-STAFFORD,3:59.65 SB,,F,1500M,0
12,1229,POR,Salomé AFONSO,4:00.47,,F,1500M,0
13,1416,USA,Sinclaire JOHNSON,4:00.92,,F,1500M,0
14,923,GER,Nele WESSEL,4:10.31,,F,1500M,0
1,3001,USA,Cole HOCKER,12:58.30,,M,5000M,0
2,2086,BEL,Isaac KIMELI,12:58.78 SB,,M,5000M,0
3,2336,FRA,Jimmy GRESSIER,12:59.33,,M,5000M,0
4,2049,AUS,Ky ROBINSON,12:59.61,,M,5000M,0
5,2305,ETH,Biniam MEHARY,12:59.95,,M,5000M,0
6,3052,USA,Nico YOUNG,13:00.07,,M,5000M,0
7,2139,BRN,Birhanu BALEW,13:00.55,,M,5000M,0
8,2992,USA,Grant FISHER,13:00.79,,M,5000M,0
9,2351,FRA,Yann SCHRUB,13:01.34,,M,5000M,0
10,2760,NOR,Jakob INGEBRIGTSEN,13:02.00 SB,,M,5000M,0
11,2641,KEN,Mathew Kipchumba KIPSANG,13:03.67,,M,5000M,0
12,2732,NED,Mike FOPPEN,13:05.94,,M,5000M,0
13,2299,ETH,Hagos GEBRHIWET,13:07.02,,M,5000M,0
14,2327,FRA,Etienne DAGUINOS,13:11.72,,M,5000M,0
15,2967,URU,Valentin SOCA,13:34.35,,M,5000M,0
16,2383,GBR,George MILLS,13:44.88,,M,5000M,0
1,1076,KEN,Beatrice CHEBET,14:54.36,,F,5000M,0
2,1088,KEN,Faith KIPYEGON,14:55.07 SB,,F,5000M,0
3,972,ITA,Nadia BATTOCLETTI,14:55.42,,F,5000M,0
4,1407,USA,Shelby HOULIHAN,14:57.42,,F,5000M,0
5,796,ETH,Gudaf TSEGAY,14:57.82,,F,5000M,0
6,1374,USA,Josette ANDREWS,15:00.25,,F,5000M,0
7,757,ESP,Marta GARCÍA,15:01.02,,F,5000M,0
8,873,GBR,Hannah NUTTALL,15:01.25,,F,5000M,0
9,782,ETH,Fantaye BELAYNEH,15:02.05,,F,5000M,0
10,521,AUS,Rose DAVIES,15:03.61,,F,5000M,0
11,527,AUS,Linden HALL,15:04.03,,F,5000M,0
12,1067,JPN,Nozomi TANAKA,15:07.34,,F,5000M,0
13,785,ETH,Medina EISA,15:07.47,,F,5000M,0
14,1145,NED,Maureen KOSTER,15:07.58,,F,5000M,0
15,1094,KEN,Agnes Jebet NGETICH,15:13.78,,F,5000M,0
16,1356,UGA,Joy CHEPTOYEK,15:18.98,,F,5000M,0
1,2336,FRA,Jimmy GRESSIER,28:55.77 SB,,M,10000M,0
2,2304,ETH,Yomif KEJELCHA,28:55.83 SB,,M,10000M,0
3,2909,SWE,Andreas ALMGREN,28:56.02,,M,10000M,0
4,2638,KEN,Ishmael Rokitto KIPKURUI,28:56.48,,M,10000M,0
5,3052,USA,Nico YOUNG,28:56.62 SB,,M,10000M,0
6,2296,ETH,Selemon BAREGA,28:57.21,,M,10000M,0
7,2646,KEN,Edwin KURGAT,28:57.83,,M,10000M,0
8,2992,USA,Grant FISHER,28:57.85 SB,,M,10000M,0
9,2285,ESP,Thierry NDIKUMWENAYO,28:59.07 SB,,M,10000M,0
10,2880,RSA,Adriaan WILDSCHUTT,28:59.47,,M,10000M,0
11,2979,USA,Graham BLANKS,29:01.27,,M,10000M,0
12,2295,ETH,Berihu AREGAWI,29:02.02,,M,10000M,0
13,2950,UGA,Dan KIBET,29:03.22,,M,10000M,0
14,2901,SUI,Dominic Lokinyomo LOBALU,29:11.65 SB,,M,10000M,0
15,2074,BDI,Egide NTAKARUTIMANA,29:12.81,,M,10000M,0
16,2473,IND,Gulveer SINGH,29:13.33,,M,10000M,0
17,2761,NOR,Awet Nftalem KIBRAB,29:19.91,,M,10000M,0
18,2947,UGA,Oscar CHELIMO,29:26.66 PB,,M,10000M,0
19,2485,IRL,Efrem GIDEY,29:30.37,,M,10000M,0
20,2618,JPN,Mebuki SUZUKI,29:33.60,,M,10000M,0
21,2073,BDI,Célestin NDIKUMANA,29:38.86,,M,10000M,0
22,2595,JPN,Jun KASAI,29:41.84,,M,10000M,0
23,2403,GER,Davor Aaron BIENENFELD,29:51.41,,M,10000M,0
,2639,KEN,Benson KIPLANGAT,DNF,,M,10000M,0
,2146,CAN,Mohammed AHMED,DNF,,M,10000M,0
,2266,ERI,Merhawi MEBRAHTU,DNS,,M,10000M,0
,2177,CHI,Ignacio VELASQUEZ,DNS,,M,10000M,0
1,1076,KEN,Beatrice CHEBET,30:37.61,,F,10000M,0
2,972,ITA,Nadia BATTOCLETTI,30:38.23 NR,,F,10000M,0
3,796,ETH,Gudaf TSEGAY,30:39.65 SB,,F,10000M,0
4,1094,KEN,Agnes Jebet NGETICH,30:42.66,,F,10000M,0
5,794,ETH,Ejgayehu TAYE,30:55.52 SB,,F,10000M,0
6,1050,JPN,Ririka HIRONAKA,31:09.62,,F,10000M,0
7,1356,UGA,Joy CHEPTOYEK,31:15.03,,F,10000M,0
8,795,ETH,Fotyen TESFAY,31:21.67 SB,,F,10000M,0
9,546,AUS,Lauren RYAN,31:27.78,,F,10000M,0
10,866,GBR,Megan KEITH,31:33.85,,F,10000M,0
11,859,GBR,Calli HAUGER-THACKERY,31:37.81,,F,10000M,0
12,1388,USA,Elise CRANNY,31:40.07,,F,10000M,0
13,581,BEL,Jana VAN LENT,31:44.05,,F,10000M,0
14,1410,USA,Emily INFELD,31:47.65,,F,10000M,0
15,1277,SLO,Klara LUKAN,31:49.76,,F,10000M,0
16,1072,KAZ,Daisy JEPKEMEI,31:49.87,,F,10000M,0
17,510,AUS,Isobel BATT-DOYLE,31:53.41,,F,10000M,0
18,1441,USA,Taylor ROE,32:12.19,,F,10000M,0
19,1001,ITA,Elisa PALMERO,32:12.72,,F,10000M,0
20,1070,JPN,Mikuni YADA,32:28.94,,F,10000M,0
21,786,ETH,Tsigie GEBRESELAMA,32:33.73 SB,,F,10000M,0
22,567,BDI,Francine NIYOMUKUNZI,32:52.59,,F,10000M,0
23,890,GER,Eva DIETERICH,33:46.76,,F,10000M,0
24,603,BRA,Nubia DE OLIVEIRA SILVA,36:00.21,,F,10000M,0
,1354,UGA,Sarah CHELANGAT,DNF,,F,10000M,0
,1079,KEN,Janeth CHEPNGETICH,DNF,,F,10000M,0
,1353,UGA,Rebecca CHELANGAT,DNF,,F,10000M,0
1,2926,TAN,Alphonce Felix SIMBU,2:09:48 SB,,M,MARATHON,0
2,2423,GER,Amanal PETROS,2:09:48,,M,MARATHON,0
3,2503,ITA,Iliass AOUANI,2:09:53,,M,MARATHON,0
4,2497,ISR,Haimro ALAME,2:10:03,,M,MARATHON,0
5,2946,UGA,Abel CHELANGAT,2:10:11,,M,MARATHON,0
6,2510,ITA,Yohanes CHIAPPINELLI,2:10:15 SB,,M,MARATHON,0
7,2498,ISR,Gashau AYALE,2:10:27,,M,MARATHON,0
8,2264,ERI,Samsom AMARE,2:10:34,,M,MARATHON,0
9,3051,USA,Clayton YOUNG,2:10:43 SB,,M,MARATHON,0
10,3067,ZIM,Isaac MPOFU,2:10:46 SB,,M,MARATHON,0
11,2598,JPN,Ryota KONDO,2:10:53,,M,MARATHON,0
12,2161,CAN,Cameron LEVINS,2:11:07 SB,,M,MARATHON,0
13,2426,GER,Richard RINGER,2:11:14,,M,MARATHON,0
14,2916,SWE,Suldan HASSAN,2:11:18,,M,MARATHON,0
15,2952,UGA,Victor KIPLANGAT,2:11:33 SB,,M,MARATHON,0
16,2635,KEN,Kennedy KIMUTAI,2:11:45,,M,MARATHON,0
17,2088,BEL,Koen NAERT,2:12:52,,M,MARATHON,0
18,2003,ALG,Abderrazak CHARIK,2:13:06 SB,,M,MARATHON,0
19,2941,TUR,Kaan Kigen ÖZBILEN,2:13:27,,M,MARATHON,0
20,2689,MAR,Mohamed Reda EL AARABY,2:13:29,,M,MARATHON,0
21,2897,SUD,Yaseen ABDALLA,2:13:32 SB,,M,MARATHON,0
22,2654,KEN,Vincent Kipkemoi NGETICH,2:13:38,,M,MARATHON,0
23,2599,JPN,Naoki KOYAMA,2:13:42,,M,MARATHON,0
24,2489,IRL,Peter LYNCH,2:14:12,,M,MARATHON,0
25,2913,SWE,Ebba Tulu CHALA,2:14:40,,M,MARATHON,0
26,2184,CHN,Jie HE,2:14:52,,M,MARATHON,0
27,2267,ERI,Oqbe Kibrom RUESOM,2:15:01,,M,MARATHON,0
28,2991,USA,Reed FISCHER,2:15:17 SB,,M,MARATHON,0
29,2253,DEN,Jacob Sommer SIMONSEN,2:15:31 SB,,M,MARATHON,0
30,2205,CHN,Shaohui YANG,2:15:35,,M,MARATHON,0
31,2200,CHN,Xiangdong WU,2:16:01,,M,MARATHON,0
32,2968,URU,Cristhian ZAMORA,2:16:09 SB,,M,MARATHON,0
33,2855,RSA,Elroy GELANT,2:16:32,,M,MARATHON,0
34,2624,JPN,Yuya YOSHIDA,2:16:58 SB,,M,MARATHON,0
35,2159,CAN,Justin KENT,2:17:12,,M,MARATHON,0
36,2168,CAN,Ben PREISNER,2:17:32,,M,MARATHON,0
37,3054,UZB,Shokhrukh DAVLATOV,2:18:04 SB,,M,MARATHON,0
38,2119,BRA,Johnatas DE OLIVEIRA,2:18:22,,M,MARATHON,0
39,2018,ART,Kiruhura Emmanuel NTAGUNGA,2:19:11,,M,MARATHON,0
40,2969,USA,CJ ALBERTSON,2:19:25,,M,MARATHON,0
41,2017,ART,Omar HASSAN,2:19:47,,M,MARATHON,0
42,2825,POR,Rui PINTO,2:19:50,,M,MARATHON,0
43,2734,NED,Tom HENDRIKSE,2:19:57 SB,,M,MARATHON,0
44,2057,AUS,Tim VINCENT,2:20:12 SB,,M,MARATHON,0
45,2132,BRA,Paulo Roberto PAULA,2:20:18,,M,MARATHON,0
46,2265,ERI,Ablelom MARYO,2:20:46,,M,MARATHON,0
47,2001,ALG,Mohammed BENYETTOU,2:20:51 SB,,M,MARATHON,0
48,2704,MEX,Marcelo LAGUERA,2:20:56,,M,MARATHON,0
49,2765,NOR,Sondre Nordstad MOEN,2:21:22,,M,MARATHON,0
50,2793,POL,Mateusz KACZOR,2:21:51 SB,,M,MARATHON,0
51,2292,EST,Tiidrek NURME,2:21:58,,M,MARATHON,0
52,2059,AUT,Aaron GRUEN,2:22:07,,M,MARATHON,0
53,2925,TAN,Josephat Joshua GISEMO,2:22:47 SB,,M,MARATHON,0
54,2173,CHI,Hugo CATRILEO,2:23:29,,M,MARATHON,0
55,2940,TUR,Ilham Tanui ÖZBILEN,2:23:35,,M,MARATHON,0
56,2782,PER,Ferdinand CERECEDA,2:23:46 SB,,M,MARATHON,0
57,2026,AUS,Liam BOUDIN,2:24:39,,M,MARATHON,0
58,2712,MKD,Dario IVANOVSKI,2:26:31,,M,MARATHON,0
59,2222,CPV,Samuel FREIRE,2:27:26 SB,,M,MARATHON,0
60,2260,ECU,Segundo JAMI,2:28:07,,M,MARATHON,0
61,3068,ZIM,Tendai ZIMUTO,2:28:10,,M,MARATHON,0
62,2965,URU,Nicolás CUESTAS,2:28:37,,M,MARATHON,0
63,2138,BRA,Ederson VILELA PEREIRA,2:28:40,,M,MARATHON,0
64,2291,EST,Leonid LATSEPOV,2:29:59,,M,MARATHON,0
65,2709,MGL,Ser-Od BAT-OCHIR,2:30:09,,M,MARATHON,0
66,2701,MDA,Maxim RĂILEANU,2:32:15,,M,MARATHON,0
,2072,BDI,Therence BIZOZA,DNF,,M,MARATHON,0
,2255,DJI,Abdi WAISS,DNF,,M,MARATHON,0
,2297,ETH,Tesfaye DERIBA,DNF,,M,MARATHON,0
,2300,ETH,Deresa GELETA,DNF,,M,MARATHON,0
,2307,ETH,Tadese TAKELE,DNF,,M,MARATHON,0
,2364,GBR,Emile CAIRESS,DNF,,M,MARATHON,0
,2487,IRL,Hiko Tonosa HASO,DNF,,M,MARATHON,0
,2500,ISR,Maru TEFERI,DNF,,M,MARATHON,0
,2511,ITA,Yemaneberhan CRIPPA,DNF,,M,MARATHON,0
,2636,KEN,Hillary KIPKOECH,DNF,,M,MARATHON,0
,2667,KOR,Minho PARK,DNF,,M,MARATHON,0
,2688,MAR,Soufiyan BOUQANTAR,DNF,,M,MARATHON,0
,2692,MAR,Othmane EL GOUMRI,DNF,,M,MARATHON,0
,2706,MEX,Juan PACHECO,DNF,,M,MARATHON,0
,2710,MGL,Byambajav TSEVEENRAVDAN,DNF,,M,MARATHON,0
,2718,NAM,Daniel Nghidinwa PAULUS,DNF,,M,MARATHON,0
,2763,NOR,Zerei Kbrom MEZNGI,DNF,,M,MARATHON,0
,2783,PER,Rene CHAMPI,DNF,,M,MARATHON,0
,2882,RWA,Yves NIMUBONA,DNF,,M,MARATHON,0
,2937,TUR,Sezgin ATAÇ,DNF,,M,MARATHON,0
,2954,UGA,Stephen KISSA,DNF,,M,MARATHON,0
,2955,UGA,Solomon MUTAI,DNF,,M,MARATHON,0
,2254,DJI,Ibrahim HASSAN,DNS,,M,MARATHON,0
,2881,RWA,Felicien MUHITIRA,DNS,,M,MARATHON,0
1,1085,KEN,Peres JEPCHIRCHIR,2:24:43 SB,,F,MARATHON,0
2,781,ETH,Tigst ASSEFA,2:24:45,,F,MARATHON,0
3,1368,URU,Julia PATERNAIN,2:27:23,,F,MARATHON,0
4,1447,USA,Susanna SULLIVAN,2:28:17 SB,,F,MARATHON,0
5,819,FIN,Alisa VAINIO,2:28:32 SB,,F,MARATHON,0
6,610,BRN,Shitaye ESHETE,2:28:41,,F,MARATHON,0
7,1054,JPN,Kana KOBAYASHI,2:28:50,,F,MARATHON,0
8,1426,USA,Jessica MCCLAIN,2:29:20 SB,,F,MARATHON,0
9,960,IRL,Fionnuala MCCORMACK,2:30:16 SB,,F,MARATHON,0
10,748,ERI,Dolshi TESFU,2:30:41,,F,MARATHON,0
11,761,ESP,Laura LUENGO,2:30:55 SB,,F,MARATHON,0
12,1357,UGA,Stella CHESANG,2:31:13,,F,MARATHON,0
13,1062,JPN,Sayaka SATO,2:31:15,,F,MARATHON,0
14,660,CHN,Cuomu CIREN,2:31:38,,F,MARATHON,0
15,943,HUN,Nóra SZABÓ,2:31:41,,F,MARATHON,0
16,609,BRN,Eunice Chebichii CHUMBA,2:32:22,,F,MARATHON,0
17,1146,NED,Anne LUIJTEN,2:32:27,,F,MARATHON,0
18,1080,KEN,Jackline CHERONO,2:33:17,,F,MARATHON,0
19,1237,POR,Solange JESUS,2:33:24,,F,MARATHON,0
20,992,ITA,Rebecca LONEDO,2:33:40,,F,MARATHON,0
21,1191,PER,Sheyla EULOGIO PAUCAR,2:33:42,,F,MARATHON,0
22,669,CHN,Zhixuan LI,2:34:03,,F,MARATHON,0
23,969,ISR,Maor TIYOURI,2:34:28,,F,MARATHON,0
24,766,ESP,Fatima Azzahraa OUHADDOU NAFIE,2:35:05,,F,MARATHON,0
25,1128,MGL,Khishigsaikhan GALBADRAKH,2:35:05,,F,MARATHON,0
26,1241,POR,Susana SANTOS,2:35:06 SB,,F,MARATHON,0
27,790,ETH,Sutume Asefa KEBEDE,2:35:30,,F,MARATHON,0
28,1046,JPN,Yuka ANDO,2:35:37,,F,MARATHON,0
29,1097,KOR,Kyungsun CHOI,2:35:42,,F,MARATHON,0
30,681,CHN,Deshun ZHANG,2:35:58,,F,MARATHON,0
31,646,CAN,Natasha WODAK,2:36:02 SB,,F,MARATHON,0
32,849,FRA,Manon TRAPP,2:36:09,,F,MARATHON,0
33,554,AUT,Julia MAYER,2:36:20 SB,,F,MARATHON,0
34,1132,NAM,Alina ARMAS,2:36:33,,F,MARATHON,0
35,744,ECU,Silvia Patricia ORTIZ MOROCHO,2:37:22 SB,,F,MARATHON,0
36,1286,SSD,Atalena Napule Gaspore LOLIHA,2:38:18,,F,MARATHON,0
37,1098,KOR,Ye-jin LIM,2:38:31,,F,MARATHON,0
38,549,AUS,Vanessa WILSON,2:39:17 SB,,F,MARATHON,0
39,1197,POL,Aleksandra BRZEZIŃSKA,2:39:46,,F,MARATHON,0
40,1142,NED,Marcella HERZOG,2:39:57 SB,,F,MARATHON,0
41,1108,LES,Neheng KHATALA,2:41:16 SB,,F,MARATHON,0
42,532,AUS,Sarah KLEIN,2:41:46 SB,,F,MARATHON,0
43,733,DEN,Sara Schou KRISTENSEN,2:42:34 SB,,F,MARATHON,0
44,506,ARM,Nina USUBYAN,2:42:37,,F,MARATHON,0
45,1127,MGL,Munkhzaya BAYARTSOGT,2:42:43 SB,,F,MARATHON,0
46,743,ECU,Mary Zenaida GRANJA,2:43:02,,F,MARATHON,0
47,1125,MEX,Isabel OROPEZA,2:43:53 SB,,F,MARATHON,0
48,539,AUS,Tara PALM,2:44:51,,F,MARATHON,0
49,1352,UGA,Mercyline CHELANGAT,2:45:36 SB,,F,MARATHON,0
50,505,ARG,Chiara Milena MAINETTI,2:46:27,,F,MARATHON,0
51,1192,PER,Aydee LOAYZA,2:48:00,,F,MARATHON,0
52,1421,USA,Erika KEMP,2:50:35,,F,MARATHON,0
53,1462,ZIM,Fortunate CHIDZIVO,2:51:24,,F,MARATHON,0
54,1122,MAR,Rahma TAHIRI,2:51:30,,F,MARATHON,0
55,702,CRC,Diana BOGANTES,2:54:02 SB,,F,MARATHON,0
56,1179,NOR,Hanne Andersen MARIDAL,2:55:04 SB,,F,MARATHON,0
57,731,DEN,Karen EHRENREICH,2:57:07,,F,MARATHON,0
58,1269,RWA,Clementine MUKANDANGA,2:58:00 SB,,F,MARATHON,0
59,657,CHI,Nicole URRA,2:58:05,,F,MARATHON,0
60,1458,VEN,Magaly GARCIA,2:58:51,,F,MARATHON,0
61,1274,SLO,Anja FINK,2:59:31 SB,,F,MARATHON,0
62,1129,MKD,Adrijana POP ARSOVA RASHIKJ,3:01:48 SB,,F,MARATHON,0
63,1124,MEX,Margarita HERNANDEZ FLORES,3:02:26,,F,MARATHON,0
,611,BRN,Tigist GASHAW,DNF,,F,MARATHON,0
,726,CZE,Moira STEWARTOVÁ,DNF,,F,MARATHON,0
,791,ETH,Tigist KETEMA,DNF,,F,MARATHON,0
,968,ISR,Lonah Chemtai SALPETER,DNF,,F,MARATHON,0
,1091,KEN,Magdalyne MASAI,DNF,,F,MARATHON,0
,1118,MAR,Kaoutar FARKOUSSI,DNF,,F,MARATHON,0
,1119,MAR,Fatima Ezzahra GARDADI,DNF,,F,MARATHON,0
,1193,PER,Zaida RAMOS,DNF,,F,MARATHON,0
,1213,POL,Izabela PASZKIEWICZ,DNF,,F,MARATHON,0
,1350,UGA,Juliet CHEKWEL,DNF,,F,MARATHON,0
1,2771,NZL,Geordie BEAMISH,8:33.88,,M,3000M STEEPLECHASE,0
2,2691,MAR,Soufiane EL BAKKALI,8:33.95,,M,3000M STEEPLECHASE,0
3,2660,KEN,Edmund SEREM,8:34.56,,M,3000M STEEPLECHASE,0
4,2298,ETH,Samuel FIREWU,8:34.68,,M,3000M STEEPLECHASE,0
5,2687,MAR,Salaheddine BEN YAZIDE,8:35.16,,M,3000M STEEPLECHASE,0
6,2303,ETH,Lamecha GIRMA,8:35.60,,M,3000M STEEPLECHASE,0
7,2328,FRA,Nicolas-Marie DARU,8:35.77,,M,3000M STEEPLECHASE,0
8,2600,JPN,Ryuji MIURA,8:35.90,,M,3000M STEEPLECHASE,0
9,3022,USA,Daniel MICHALSKI,8:37.12,,M,3000M STEEPLECHASE,0
10,2685,LUX,Ruben QUERINJEAN,8:37.49,,M,3000M STEEPLECHASE,0
11,2934,TUN,Ahmed JAZIRI,8:39.30,,M,3000M STEEPLECHASE,0
12,2427,GER,Frederik RUPPERT,8:39.83,,M,3000M STEEPLECHASE,0
13,2153,CAN,Jean-Simon DESGAGNÉS,8:39.96,,M,3000M STEEPLECHASE,0
14,2309,ETH,Getnet WALE,8:41.23,,M,3000M STEEPLECHASE,0
15,2407,GER,Niklas BUCHHOLZ,8:42.81,,M,3000M STEEPLECHASE,0
,2634,KEN,Abraham KIBIWOT,DNF,,M,3000M STEEPLECHASE,0
1,1081,KEN,Faith CHEROTICH,8:51.59 CR,,F,3000M STEEPLECHASE,0
2,614,BRN,Winfred YAVI,8:56.46,,F,3000M STEEPLECHASE,0
3,780,ETH,Sembo ALMAYEW,8:58.86 PB,,F,3000M STEEPLECHASE,0
4,1341,TUN,Marwa BOUZAYANI,9:01.46 NR,,F,3000M STEEPLECHASE,0
5,1090,KEN,Doris LEMNGOLE,9:02.39,,F,3000M STEEPLECHASE,0
6,1073,KAZ,Norah JERUTO,9:06.34,,F,3000M STEEPLECHASE,0
7,905,GER,Gesa Felicitas KRAUSE,9:14.27 SB,,F,3000M STEEPLECHASE,0
8,793,ETH,Lomi MULETA,9:14.90,,F,3000M STEEPLECHASE,0
9,1435,USA,Angelina NAPOLEON,9:17.44,,F,3000M STEEPLECHASE,0
10,1428,USA,Kaylee MITCHELL,9:18.66,,F,3000M STEEPLECHASE,0
11,882,GBR,Elise THORNER,9:19.02,,F,3000M STEEPLECHASE,0
12,915,GER,Lea MEYER,9:24.42,,F,3000M STEEPLECHASE,0
13,845,FRA,Flavie RENOUARD,9:25.15,,F,3000M STEEPLECHASE,0
14,1402,USA,Lexy HALLADAY,9:34.03,,F,3000M STEEPLECHASE,0
,1355,UGA,Peruth CHEMUTAI,DNF,,F,3000M STEEPLECHASE,0
1,3041,USA,Cordell TINCH,12.99,0.168,M,110M HURDLES,0
2,2549,JAM,Orlando BENNETT,13.08 PB,0.176,M,110M HURDLES,0
3,2561,JAM,Tyler MASON,13.12 =PB,0.181,M,110M HURDLES,0
4,2283,ESP,Enrique LLOPIS,13.16,0.153,M,110M HURDLES,0
5,2604,JPN,Rachid MURATAKE,13.18,0.183,M,110M HURDLES,0
6,3039,USA,Ja'Kobe THARP,13.31,0.148,M,110M HURDLES,0
7,2341,FRA,Just KWAOU-MATHEY,13.42,0.203,M,110M HURDLES,0
,2900,SUI,Jason JOSEPH,DNF,0.18,M,110M HURDLES,0
1,1298,SUI,Ditaji KAMBUNDJI,12.24 NR,0.146,F,100M HURDLES,0
2,1162,NGR,Tobi AMUSAN,12.29,0.187,F,100M HURDLES,0
3,1445,USA,Grace STARK,12.34,0.172,F,100M HURDLES,0
4,1443,USA,Masai RUSSELL,12.44,0.24,F,100M HURDLES,0
5,1218,POL,Pia SKRZYSZOWSKA,12.49 SB,0.141,F,100M HURDLES,0
6,558,BAH,Devynne CHARLTON,12.49 SB,0.189,F,100M HURDLES,0
7,1043,JAM,Danielle WILLIAMS,12.53,0.153,F,100M HURDLES,0
8,1159,NED,Nadine VISSER,12.56,0.17,F,100M HURDLES,0
1,2977,USA,Rai BENJAMIN,46.52 SB,0.15,M,400M HURDLES,0
2,2121,BRA,Alison DOS SANTOS,46.84,0.159,M,400M HURDLES,0
3,2845,QAT,Abderrahman SAMBA,47.06 SB,0.182,M,400M HURDLES,0
4,2749,NGR,Ezekiel NATHANIEL,47.11 NR,0.169,M,400M HURDLES,0
5,2769,NOR,Karsten WARHOLM,47.58,0.15,M,400M HURDLES,0
6,2397,GER,Emil AGYEKUM,47.98,0.186,M,400M HURDLES,0
7,2989,USA,Caleb DEAN,48.2,0.147,M,400M HURDLES,0
8,2835,QAT,Ismail Doudai ABAKAR,49.82,0.167,M,400M HURDLES,0
1,1136,NED,Femke BOL,51.54 WL,0.197,F,400M HURDLES,0
2,1418,USA,Jasmine JONES,52.08 PB,0.174,F,400M HURDLES,0
3,1314,SVK,Emma ZAPLETALOVÁ,53.00 NR,0.175,F,400M HURDLES,0
4,1386,USA,Anna COCKRELL,53.13,0.159,F,400M HURDLES,0
5,1190,PAN,Gianna WOODRUFF,53.34,0.187,F,400M HURDLES,0
6,580,BEL,Naomi VAN DEN BROECK,53.7,0.176,F,400M HURDLES,0
7,1434,USA,Dalilah MUHAMMAD,54.82,0.149,F,400M HURDLES,0
8,1037,JAM,Shiann SALMON,56.27,0.203,F,400M HURDLES,0
1,,USA,Anna HALL,,,F,HEPTATHLON,0
2,,IRL,Kate O'CONNOR,,,F,HEPTATHLON,0
3,,USA,Taliyah BROOKS,,,F,HEPTATHLON,0
3,,GBR,Katarina JOHNSON-THOMPSON,,,F,HEPTATHLON,0
5,,GER,Sandrina SPRENGEL,,,F,HEPTATHLON,0
6,,NED,Sofie DOKTER,,,F,HEPTATHLON,0
7,,FIN,Saga VANNINEN,,,F,HEPTATHLON,0
8,,GBR,Jade O'DOWDA,,,F,HEPTATHLON,0
9,,NED,Emma OOSTERWEGEL,,,F,HEPTATHLON,0
10,,COL,Martha ARAUJO,,,F,HEPTATHLON,0
11,,USA,Michelle ATHERLEY,,,F,HEPTATHLON,0
12,,ESP,María VICENTE,,,F,HEPTATHLON,0
13,,ITA,Sveva GEREVINI,,,F,HEPTATHLON,0
14,,LTU,Beatričė JUŠKEVIČIŪTĖ,,,F,HEPTATHLON,0
15,,POL,Adrianna SUŁEK-SCHUBERT,,,F,HEPTATHLON,0
16,,AUS,Camryn NEWTON-SMITH,,,F,HEPTATHLON,0
17,,AUS,Tori WEST,,,F,HEPTATHLON,0
18,,FRA,Auriana LAZRAQ-KHLASS,,,F,HEPTATHLON,0
19,,EST,Pippi Lotta ENOK,,,F,HEPTATHLON,0
,,USA,Timara CHAPMAN,,,F,HEPTATHLON,0
,,BEL,Nafissatou THIAM,,,F,HEPTATHLON,0
,,GBR,Abigail PAWLETT,,,F,HEPTATHLON,0
,,GER,Vanessa GRIMM,,,F,HEPTATHLON,0
,,SUI,Annik KÄLIN,,,F,HEPTATHLON,0
1,,GER,Leo NEUGEBAUER,,,M,DECATHLON,0
2,,PUR,Ayden OWENS-DELERME,,,M,DECATHLON,0
3,,USA,Kyle GARLAND,,,M,DECATHLON,0
4,,GER,Niklas KAUL,,,M,DECATHLON,0
5,,EST,Johannes ERM,,,M,DECATHLON,0
6,,USA,Heath BALDWIN,,,M,DECATHLON,0
7,,USA,Harrison WILLIAMS,,,M,DECATHLON,0
8,,BAH,Kendrick THOMPSON,,,M,DECATHLON,0
9,,FRA,Makenson GLETTY,,,M,DECATHLON,0
10,,BEL,Jente HAUTTEKEETE,,,M,DECATHLON,0
11,,CZE,Vilém STRÁSKÝ,,,M,DECATHLON,0
12,,FRA,Antoine FERRANTI,,,M,DECATHLON,0
13,,BRA,José Fernando FERREIRA,,,M,DECATHLON,0
14,,CHN,Xiang FEI,,,M,DECATHLON,0
15,,CZE,Ondřej KOPECKÝ,,,M,DECATHLON,0
,,EST,Karel TILGA,,,M,DECATHLON,0
,,GRN,Lindon VICTOR,,,M,DECATHLON,0
,,NOR,Sander SKOTHEIM,,,M,DECATHLON,0
,,CAN,Pierce LEPAGE,,,M,DECATHLON,0
,,SUI,Simon EHAMMER,,,M,DECATHLON,0
,,NED,Sven ROOSEN,,,M,DECATHLON,0
,,GER,Till STEINFORTH,,,M,DECATHLON,0
,,EST,Janek ÕIGLANE,,,M,DECATHLON,0
,,CAN,Damian WARNER,,,M,DECATHLON,0
1,2773,NZL,Hamish KERR,2.36 WL,,M,HIGH JUMP,0
2,2668,KOR,Sanghyeok WOO,2.34 =SB,,M,HIGH JUMP,0
3,2248,CZE,Jan ŠTEFELA,2.31,,M,HIGH JUMP,0
4,2956,UKR,Oleh DOROSHCHUK,2.31,,M,HIGH JUMP,0
5,2999,USA,JuVaughn HARRISON,2.28 =SB,,M,HIGH JUMP,0
6,2470,IND,Sarvesh Anil KUSHARE,2.28 PB,,M,HIGH JUMP,0
6,3049,USA,Tyus WILSON,2.28 =SB,,M,HIGH JUMP,0
8,2534,ITA,Matteo SIOLI,2.24,,M,HIGH JUMP,0
8,2582,JPN,Ryoichi AKAMATSU,2.24,,M,HIGH JUMP,0
10,2615,JPN,Yuto SEKO,2.2,,M,HIGH JUMP,0
11,2047,AUS,Yual REATH,2.2,,M,HIGH JUMP,0
11,2079,BEL,Thomas CARMOY,2.2,,M,HIGH JUMP,0
,2548,JAM,Romaine BECKFORD,NM,,M,HIGH JUMP,0
1,537,AUS,Nicola OLYSLAGERS,2,,F,HIGH JUMP,0
2,1228,POL,Maria ŻODZIK,2.00 PB,,F,HIGH JUMP,0
3,1365,UKR,Yaroslava MAHUCHIKH,1.97,,F,HIGH JUMP,0
3,1282,SRB,Angelina TOPIĆ,1.97 SB,,F,HIGH JUMP,0
5,540,AUS,Eleanor PATTERSON,1.97,,F,HIGH JUMP,0
5,1364,UKR,Yuliia LEVCHENKO,1.97,,F,HIGH JUMP,0
7,895,GER,Christina HONSEL,1.93,,F,HIGH JUMP,0
7,867,GBR,Morgan LAKE,1.93,,F,HIGH JUMP,0
9,721,CYP,Elena KULICHENKO,1.93,,F,HIGH JUMP,0
10,572,BEL,Merel MAES,1.93,,F,HIGH JUMP,0
11,918,GER,Imke ONNEN,1.93,,F,HIGH JUMP,0
12,723,CZE,Michaela HRUBÁ,1.88,,F,HIGH JUMP,0
12,933,GUI,Fatoumata BALLEY,1.88,,F,HIGH JUMP,0
12,1130,MNE,Marija VUKOVIĆ,1.88,,F,HIGH JUMP,0
15,925,GHA,Rose Amoanimaa YEBOAH,1.88,,F,HIGH JUMP,0
,779,EST,Elisabeth PIHELA,NM,,F,HIGH JUMP,0
1,2914,SWE,Armand DUPLANTIS,6.30 WR,,M,POLE VAULT,0
2,2447,GRE,Emmanouil KARALIS,6,,M,POLE VAULT,0
3,2038,AUS,Kurtis MARSCHALL,5.95 =PB,,M,POLE VAULT,0
4,3006,USA,Sam KENDRICKS,5.95 SB,,M,POLE VAULT,0
5,2325,FRA,Thibaut COLLET,5.9,,M,POLE VAULT,0
6,2758,NOR,Sondre Mogens GUTTORMSEN,5.90 =SB,,M,POLE VAULT,0
7,2744,NED,Menno VLOON,5.9,,M,POLE VAULT,0
8,2342,FRA,Renaud LAVILLENIE,5.75,,M,POLE VAULT,0
9,2843,QAT,Seifeldin HENEIDA ABDESALAM,5.75 =NR,,M,POLE VAULT,0
10,2418,GER,Bo Kanda LITA BAEHRE,5.75 =SB,,M,POLE VAULT,0
11,2326,FRA,Ethan CORMONT,5.55,,M,POLE VAULT,0
,2944,TUR,Ersu ŞAŞMA,NM,,M,POLE VAULT,0
1,1431,USA,Katie MOON,4.90 SB,,F,POLE VAULT,0
2,1433,USA,Sandi MORRIS,4.85 SB,,F,POLE VAULT,0
3,1278,SLO,Tina ŠUTEJ,4.80 SB,,F,POLE VAULT,0
4,728,CZE,Amálie ŠVÁBÍKOVÁ,4.75 SB,,F,POLE VAULT,0
5,1301,SUI,Angelica MOSER,4.65,,F,POLE VAULT,0
6,1430,USA,Hana MOLL,4.65,,F,POLE VAULT,0
6,1429,USA,Amanda MOLL,4.65,,F,POLE VAULT,0
8,1187,NZL,Olivia MCTAGGART,4.65,,F,POLE VAULT,0
8,823,FRA,Marie-Julie BONNIN,4.65,,F,POLE VAULT,0
10,1183,NZL,Imogen AYRIS,4.45,,F,POLE VAULT,0
11,674,CHN,Chunge NIU,4.45,,F,POLE VAULT,0
11,977,ITA,Roberta BRUNI,4.45,,F,POLE VAULT,0
,601,BRA,Juliana DE MENIS CAMPOS,NM,,F,POLE VAULT,0
,1186,NZL,Eliza MCCARTNEY,NM,,F,POLE VAULT,0
1,2518,ITA,Mattia FURLANI,8.39 PB,,M,LONG JUMP,0
2,2555,JAM,Tajay GAYLE,8.34 =SB,,M,LONG JUMP,0
3,2194,CHN,Yuhao SHI,8.33 SB,,M,LONG JUMP,0
4,2899,SUI,Simon EHAMMER,8.3,,M,LONG JUMP,0
5,2142,BUL,Bozhidar SARÂBOYUKOV,8.19,,M,LONG JUMP,0
6,2208,CHN,Mingkun ZHANG,8.18,,M,LONG JUMP,0
7,2921,SWE,Thobias MONTLER,8.17,,M,LONG JUMP,0
8,2282,ESP,Lester LESCAY,7.97,,M,LONG JUMP,0
9,2578,JAM,Nikaoli WILLIAMS,7.85,,M,LONG JUMP,0
10,2997,USA,Isaac GRIMES,7.85,,M,LONG JUMP,0
11,2451,GRE,Miltiadis TENTOGLOU,7.83,,M,LONG JUMP,0
12,2281,ESP,Jaime GUERRA,7.81,,M,LONG JUMP,0
1,1390,USA,Tara DAVIS-WOODHALL,7.13 WL,,F,LONG JUMP,0
2,916,GER,Malaika MIHAMBO,6.99,,F,LONG JUMP,0
3,698,COL,Natalia LINARES,6.92 =PB,,F,LONG JUMP,0
4,833,FRA,Hilary KPATCHA,6.82,,F,LONG JUMP,0
5,1381,USA,Claire BRYANT,6.68,,F,LONG JUMP,0
6,1233,POR,Agate DE SOUSA,6.67,,F,LONG JUMP,0
7,1143,NED,Pauline HONDEMA,6.6,,F,LONG JUMP,0
8,1382,USA,Quanesha BURKS,6.6,,F,LONG JUMP,0
9,1315,SWE,Maja ÅSKAG,6.49,,F,LONG JUMP,0
10,617,BUR,Marthe KOALA,6.49,,F,LONG JUMP,0
11,747,EGY,Esraa OWIS,6.37,,F,LONG JUMP,0
12,1013,IVB,Chantel MALONE,6.33,,F,LONG JUMP,0
1,2823,POR,Pedro PICHARDO,17.91 WL,,M,TRIPLE JUMP,0
2,2512,ITA,Andrea DALLAVALLE,17.64 PB,,M,TRIPLE JUMP,0
3,2231,CUB,Lázaro MARTÍNEZ,17.49 SB,,M,TRIPLE JUMP,0
4,2008,ALG,Yasser Mohammed TRIKI,17.25,,M,TRIPLE JUMP,0
5,2570,JAM,Jordan SCOTT,17.21,,M,TRIPLE JUMP,0
6,2514,ITA,Andy DÍAZ HERNÁNDEZ,17.19,,M,TRIPLE JUMP,0
7,2143,BUR,Hugues Fabrice ZANGO,16.92,,M,TRIPLE JUMP,0
8,2352,FRA,Jonathan SEREMES,16.82,,M,TRIPLE JUMP,0
9,2060,AUT,Endiorass KINGLEY,16.71,,M,TRIPLE JUMP,0
10,2196,CHN,Wen SU,16.66,,M,TRIPLE JUMP,0
11,2212,CHN,Yaming ZHU,16.51,,M,TRIPLE JUMP,0
12,3017,USA,Salif MANE,16.29,,M,TRIPLE JUMP,0
1,715,CUB,Leyanis PÉREZ HERNÁNDEZ,14.94 WL,,F,TRIPLE JUMP,0
2,739,DMA,Thea LAFOND,14.89 SB,,F,TRIPLE JUMP,0
3,1459,VEN,Yulimar ROJAS,14.76 SB,,F,TRIPLE JUMP,0
4,716,CUB,Liadagmis POVEA,14.72,,F,TRIPLE JUMP,0
5,1036,JAM,Shanieka RICKETTS,14.56,,F,TRIPLE JUMP,0
6,1270,SEN,Saly SARR,14.55 PB,,F,TRIPLE JUMP,0
7,1432,USA,Jasmine MOORE,14.51,,F,TRIPLE JUMP,0
8,1038,JAM,Ackelia SMITH,14.37,,F,TRIPLE JUMP,0
9,1273,SLO,Neja FILIPIČ,14.03,,F,TRIPLE JUMP,0
10,897,GER,Caroline JOYEUX,14,,F,TRIPLE JUMP,0
11,1315,SWE,Maja ÅSKAG,13.92,,F,TRIPLE JUMP,0
12,1345,TUR,Tuğba DANIŞMAZ,13.43,,F,TRIPLE JUMP,0
1,2984,USA,Ryan CROUSER,22.34 SB,,M,SHOT PUT,0
2,2705,MEX,Uziel MUÑOZ,21.97 NR,,M,SHOT PUT,0
3,2515,ITA,Leonardo FABBRI,21.94,,M,SHOT PUT,0
4,2777,NZL,Tom WALSH,21.94 SB,,M,SHOT PUT,0
5,2747,NGR,Chukwuebuka Cornnell ENEKWECHI,21.52,,M,SHOT PUT,0
6,3030,USA,Adrian PIPERI,21.5,,M,SHOT PUT,0
7,2971,USA,Josh AWOTUNDE,21.14,,M,SHOT PUT,0
8,2382,GBR,Scott LINCOLN,21,,M,SHOT PUT,0
9,2789,POL,Konrad BUKOWIECKI,20.66,,M,SHOT PUT,0
10,2768,NOR,Marcus THOMSEN,20.53,,M,SHOT PUT,0
11,2922,SWE,Wictor PETERSSON,20.35,,M,SHOT PUT,0
12,2247,CZE,Tomáš STANĚK,19.91,,M,SHOT PUT,0
1,1150,NED,Jessica SCHILDER,20.29,,F,SHOT PUT,0
2,1412,USA,Chase JACKSON,20.21,,F,SHOT PUT,0
3,1189,NZL,Maddison-Lee WESCHE,20.06 =PB,,F,SHOT PUT,0
4,632,CAN,Sarah MITTON,19.81,,F,SHOT PUT,0
5,1329,SWE,Fanny ROOS,19.54,,F,SHOT PUT,0
6,917,GER,Yemisi OGUNLEYE,19.33,,F,SHOT PUT,0
7,683,CHN,Linru ZHANG,19.16,,F,SHOT PUT,0
8,1442,USA,Jaida ROSS,19.01,,F,SHOT PUT,0
9,663,CHN,Lijiao GONG,18.96,,F,SHOT PUT,0
10,902,GER,Alina KENZEL,18.42,,F,SHOT PUT,0
11,911,GER,Katharina MAISCH,18.21,,F,SHOT PUT,0
12,1324,SWE,Sara LENNMAN,17.78,,F,SHOT PUT,0
1,2924,SWE,Daniel STÅHL,70.47 SB,,M,DISCUS THROW,0
2,2679,LTU,Mykolas ALEKNA,67.84,,M,DISCUS THROW,0
3,2883,SAM,Alex ROSE,66.96,,M,DISCUS THROW,0
4,2031,AUS,Matthew DENNY,65.57,,M,DISCUS THROW,0
5,2228,CUB,Mario Alberto DÍAZ,64.71,,M,DISCUS THROW,0
6,2681,LTU,Andrius GUDŽIUS,63.43,,M,DISCUS THROW,0
7,2678,LTU,Martynas ALEKNA,63.34,,M,DISCUS THROW,0
8,2890,SLO,Kristjan ČEH,63.07,,M,DISCUS THROW,0
9,2062,AUT,Lukas WEISSHAIDINGER,62.26,,M,DISCUS THROW,0
10,2772,NZL,Connor BELL,59.97,,M,DISCUS THROW,0
11,2430,GER,Mika SOSNA,58.6,,M,DISCUS THROW,0
,2413,GER,Henrik JANSSEN,NM,,M,DISCUS THROW,0
1,1372,USA,Valarie ALLMAN,69.48,,F,DISCUS THROW,0
2,1158,NED,Jorinde VAN KLINKEN,67.50 SB,,F,DISCUS THROW,0
3,713,CUB,Silinda MORÁLES,67.25 PB,,F,DISCUS THROW,0
4,1322,SWE,Vanessa KAMGA,66.61 NR,,F,DISCUS THROW,0
5,705,CRO,Sandra ELKASEVIĆ,65.82,,F,DISCUS THROW,0
6,1448,USA,Laulauga TAUSAGA,65.49,,F,DISCUS THROW,0
7,662,CHN,Bin FENG,65.28,,F,DISCUS THROW,0
8,888,GER,Shanice CRAFT,65.21,,F,DISCUS THROW,0
9,598,BRA,Izabela DA SILVA,63.22,,F,DISCUS THROW,0
10,1123,MDA,Alexandra EMILIANOV,62.59,,F,DISCUS THROW,0
11,1152,NED,Alida VAN DAALEN,62.24,,F,DISCUS THROW,0
12,1026,JAM,Samantha HALL,60.69,,F,DISCUS THROW,0
1,2158,CAN,Ethan KATZBERG,84.70 CR,,M,HAMMER THROW,0
2,2412,GER,Merlin HUMMEL,82.77 PB,,M,HAMMER THROW,0
3,2462,HUN,Bence HALÁSZ,82.69,,M,HAMMER THROW,0
4,2958,UKR,Mykhaylo KOKHAN,82.02 PB,,M,HAMMER THROW,0
5,3050,USA,Rudy WINKLER,78.52,,M,HAMMER THROW,0
6,2762,NOR,Thomas MARDAL,78.02,,M,HAMMER THROW,0
7,2792,POL,Paweł FAJDEK,77.75,,M,HAMMER THROW,0
8,2465,HUN,Ármin SZABADOS,77.15,,M,HAMMER THROW,0
9,2759,NOR,Eivind HENRIKSEN,76.47,,M,HAMMER THROW,0
10,3009,USA,Trey KNIGHT,76.11,,M,HAMMER THROW,0
11,2464,HUN,Dániel RÁBA,75.22,,M,HAMMER THROW,0
12,2729,NED,Denzel COMENENTIA,74.86,,M,HAMMER THROW,0
1,638,CAN,Camryn ROGERS,80.51 WL,,F,HAMMER THROW,0
2,684,CHN,Jie ZHAO,77.60 PB,,F,HAMMER THROW,0
3,682,CHN,Jiale ZHANG,77.1,,F,HAMMER THROW,0
4,807,FIN,Silja KOSONEN,75.28,,F,HAMMER THROW,0
5,1437,USA,DeAnna PRICE,75.1,,F,HAMMER THROW,0
6,1225,POL,Anita WŁODARCZYK,74.64,,F,HAMMER THROW,0
7,985,ITA,Sara FANTINI,73.06 SB,,F,HAMMER THROW,0
8,732,DEN,Katrine Koch JACOBSEN,71.59,,F,HAMMER THROW,0
9,906,GER,Aileen KUHN,71.57,,F,HAMMER THROW,0
10,1419,USA,Janee' KASSANAVOID,70.35,,F,HAMMER THROW,0
11,964,IRL,Nicola TUTHILL,69.49,,F,HAMMER THROW,0
,817,FIN,Krista TERVO,NM,,F,HAMMER THROW,0
1,2933,TTO,Keshorn WALCOTT,88.16 SB,,M,JAVELIN THROW,0
2,2454,GRN,Anderson PETERS,87.38,,M,JAVELIN THROW,0
3,3040,USA,Curtis THOMPSON,86.67,,M,JAVELIN THROW,0
4,2477,IND,Sachin YADAV,86.27 PB,,M,JAVELIN THROW,0
5,2434,GER,Julian WEBER,86.11,,M,JAVELIN THROW,0
6,2663,KEN,Julius YEGO,85.54,,M,JAVELIN THROW,0
7,2895,SRI,Rumesh Tharanga PATHIRAGE,84.38,,M,JAVELIN THROW,0
8,2468,IND,Neeraj CHOPRA,84.03,,M,JAVELIN THROW,0
9,2809,POL,Dawid WEGNER,83.03,,M,JAVELIN THROW,0
10,2779,PAK,Arshad NADEEM,82.75,,M,JAVELIN THROW,0
11,2250,CZE,Jakub VADLEJCH,78.71,,M,JAVELIN THROW,0
12,2039,AUS,Cameron MCENTYRE,75.65,,M,JAVELIN THROW,0
1,742,ECU,Juleisy ANGULO,65.12 NR,,F,JAVELIN THROW,0
2,1103,LAT,Anete SIETIŅA,64.64 PB,,F,JAVELIN THROW,0
3,534,AUS,Mackenzie LITTLE,63.58,,F,JAVELIN THROW,0
4,1256,RSA,Jo-Ane DU PLESSIS,63.06 SB,,F,JAVELIN THROW,0
5,931,GRE,Elina TZENGKO,62.72,,F,JAVELIN THROW,0
6,700,COL,Flor Denis RUIZ HURTADO,62.32 SB,,F,JAVELIN THROW,0
7,1188,NZL,Tori MOORBY,61.53,,F,JAVELIN THROW,0
8,1283,SRB,Adriana VILAGOŠ,61.29,,F,JAVELIN THROW,0
9,676,CHN,Lingdan SU,59.56,,F,JAVELIN THROW,0
10,553,AUT,Victoria HUDSON,59.52,,F,JAVELIN THROW,0
11,697,COL,Valentina BARRIOS,59.14,,F,JAVELIN THROW,0
12,1210,POL,Małgorzata MAŚLAK-GLUGLA,57.8,,F,JAVELIN THROW,0
1,305,BRA,Caio BONFIM,1:18:35,,M,20 KILOMETRES RACE WALK,0
2,312,CHN,Zhaozhao WANG,1:18:43,,M,20 KILOMETRES RACE WALK,0
3,328,ESP,Paul MCGRATH,1:18:45,,M,20 KILOMETRES RACE WALK,0
4,334,FRA,Aurélien QUINION,1:18:49 PB,,M,20 KILOMETRES RACE WALK,0
5,332,FRA,Gabriel BORDIER,1:19:23,,M,20 KILOMETRES RACE WALK,0
6,310,CHN,Haifeng QIAN,1:19:38,,M,20 KILOMETRES RACE WALK,0
7,360,JPN,Kento YOSHIKAWA,1:19:46,,M,20 KILOMETRES RACE WALK,0
8,325,ESP,Diego GARCÍA CARRERA,1:20:05,,M,20 KILOMETRES RACE WALK,0
9,357,JPN,Satoshi MARUO,1:20:09,,M,20 KILOMETRES RACE WALK,0
10,339,GER,Christopher LINKE,1:20:11,,M,20 KILOMETRES RACE WALK,0
11,338,GER,Leo KÖPP,1:20:35,,M,20 KILOMETRES RACE WALK,0
12,367,MEX,Ricardo ORTIZ,1:20:36,,M,20 KILOMETRES RACE WALK,0
13,376,SWE,Perseus KARLSTRÖM,1:20:37,,M,20 KILOMETRES RACE WALK,0
14,371,POL,Maher BEN HLIMA,1:20:39,,M,20 KILOMETRES RACE WALK,0
15,320,ECU,Jordy Rafael JIMÉNEZ ARROBO,1:20:43,,M,20 KILOMETRES RACE WALK,0
16,350,ITA,Francesco FORTUNATO,1:21:00,,M,20 KILOMETRES RACE WALK,0
17,306,BRA,Matheus CORREA,1:21:04 SB,,M,20 KILOMETRES RACE WALK,0
18,329,ETH,Misgana WAKUMA,1:21:17 SB,,M,20 KILOMETRES RACE WALK,0
19,319,ECU,David HURTADO,1:21:18,,M,20 KILOMETRES RACE WALK,0
20,301,AUS,Rhydian COWLEY,1:21:18,,M,20 KILOMETRES RACE WALK,0
21,326,ESP,Álvaro LÓPEZ,1:21:28,,M,20 KILOMETRES RACE WALK,0
22,374,SVK,Dominik ČERNÝ,1:21:29,,M,20 KILOMETRES RACE WALK,0
23,304,AUS,Declan TINGAY,1:21:30,,M,20 KILOMETRES RACE WALK,0
24,309,CHN,Chenjie LI,1:21:39,,M,20 KILOMETRES RACE WALK,0
25,331,FIN,Veli-Matti PARTANEN,1:21:41 SB,,M,20 KILOMETRES RACE WALK,0
26,381,UKR,Mukola RUSHCHAK,1:21:57,,M,20 KILOMETRES RACE WALK,0
27,383,UKR,Serhii SVITLYCHNYI,1:22:24,,M,20 KILOMETRES RACE WALK,0
28,359,JPN,Toshikazu YAMANISHI,1:22:39,,M,20 KILOMETRES RACE WALK,0
29,317,COL,Mateo ROMERO,1:22:44,,M,20 KILOMETRES RACE WALK,0
30,361,KOR,Byeongkwang CHOE,1:22:52,,M,20 KILOMETRES RACE WALK,0
31,345,IND,Servin SEBASTIAN,1:23:03,,M,20 KILOMETRES RACE WALK,0
32,342,HUN,Bence VENYERCSÁN,1:23:06,,M,20 KILOMETRES RACE WALK,0
33,364,MEX,Noel CHAMA,1:23:41,,M,20 KILOMETRES RACE WALK,0
34,353,ITA,Gianluca PICCHIOTTINO,1:23:50,,M,20 KILOMETRES RACE WALK,0
35,377,TUR,Mazlum DEMIR,1:24:11,,M,20 KILOMETRES RACE WALK,0
36,349,ITA,Andrea COSI,1:24:18,,M,20 KILOMETRES RACE WALK,0
37,330,FIN,Jerry JOKINEN,1:24:37,,M,20 KILOMETRES RACE WALK,0
38,341,GUA,Erick Bernabé BARRONDO,1:24:42 SB,,M,20 KILOMETRES RACE WALK,0
39,302,AUS,Tim FRASER,1:24:55,,M,20 KILOMETRES RACE WALK,0
40,315,COL,César HERRERA,1:25:01,,M,20 KILOMETRES RACE WALK,0
41,363,LAT,Raivo SAULGRIEZIS,1:27:25,,M,20 KILOMETRES RACE WALK,0
42,307,BRA,Max Batista GONCALVES DOS SANTOS,1:27:34,,M,20 KILOMETRES RACE WALK,0
43,373,RSA,Wayne SNYMAN,1:30:12 SB,,M,20 KILOMETRES RACE WALK,0
,365,MEX,José Luis DOCTOR,DQ,,M,20 KILOMETRES RACE WALK,0
,370,PER,Luis Henry CAMPOS,DQ,,M,20 KILOMETRES RACE WALK,0
,378,TUR,Hayrettin YILDIZ,DQ,,M,20 KILOMETRES RACE WALK,0
,380,UKR,Ihor HLAVAN,DQ,,M,20 KILOMETRES RACE WALK,0
,340,GRE,Alexandros PAPAMICHAIL,DNS,,M,20 KILOMETRES RACE WALK,0
1,126,ESP,María PÉREZ,1:25:54 SB,,F,20 KILOMETRES RACE WALK,0
2,156,MEX,Alegna GONZÁLEZ,1:26:06 AR,,F,20 KILOMETRES RACE WALK,0
3,148,JPN,Nanako FUJII,1:26:18 NR,,F,20 KILOMETRES RACE WALK,0
4,121,ECU,Paula Milena TORRES,1:26:18 PB,,F,20 KILOMETRES RACE WALK,0
5,163,PER,Kimberly GARCÍA LEÓN,1:26:22 NR,,F,20 KILOMETRES RACE WALK,0
6,114,CHN,Jiayu YANG,1:27:16 SB,,F,20 KILOMETRES RACE WALK,0
7,122,ESP,Antia CHAMOSA,1:27:55 =PB,,F,20 KILOMETRES RACE WALK,0
8,113,CHN,Quanming WU,1:28:08,,F,20 KILOMETRES RACE WALK,0
9,111,CHN,Li MA,1:28:52,,F,20 KILOMETRES RACE WALK,0
10,161,PER,Mary Luz ANDIA,1:28:52,,F,20 KILOMETRES RACE WALK,0
11,130,FRA,Pauline STEY,1:28:52,,F,20 KILOMETRES RACE WALK,0
12,106,BRA,Viviane LYRA,1:29:02,,F,20 KILOMETRES RACE WALK,0
13,176,UKR,Lyudmila OLYANOVSKA,1:29:16,,F,20 KILOMETRES RACE WALK,0
14,166,POL,Katarzyna ZDZIEBŁO,1:29:31,,F,20 KILOMETRES RACE WALK,0
15,144,ITA,Alexandrina MIHAI,1:29:44,,F,20 KILOMETRES RACE WALK,0
16,134,GRE,Antigoni NTRISMPIOTI,1:29:47,,F,20 KILOMETRES RACE WALK,0
17,142,ITA,Federica CURIAZZI,1:29:48,,F,20 KILOMETRES RACE WALK,0
18,149,JPN,Kumiko OKADA,1:30:12,,F,20 KILOMETRES RACE WALK,0
19,177,UKR,Mariia SAKHARUK,1:30:38,,F,20 KILOMETRES RACE WALK,0
20,118,ECU,Magaly Beatriz BONILLA,1:30:39 SB,,F,20 KILOMETRES RACE WALK,0
21,101,AUS,Rebecca HENDERSON,1:31:05,,F,20 KILOMETRES RACE WALK,0
22,124,ESP,Paula JUAREZ,1:31:50,,F,20 KILOMETRES RACE WALK,0
23,154,KAZ,Yasmina TOXANBAYEVA,1:31:51,,F,20 KILOMETRES RACE WALK,0
24,178,UKR,Hanna SHEVCHUK,1:32:15,,F,20 KILOMETRES RACE WALK,0
25,172,SVK,Hana BURZALOVÁ,1:32:28,,F,20 KILOMETRES RACE WALK,0
26,169,PUR,Rachelle DE ORBETA,1:32:47 SB,,F,20 KILOMETRES RACE WALK,0
27,181,USA,Lauren HARRIS,1:32:50 PB,,F,20 KILOMETRES RACE WALK,0
28,167,POR,Vitória OLIVEIRA,1:33:02,,F,20 KILOMETRES RACE WALK,0
29,129,FRA,Clémence BERETTA,1:33:14,,F,20 KILOMETRES RACE WALK,0
30,164,PER,Evelyn INGA,1:33:29,,F,20 KILOMETRES RACE WALK,0
31,158,MEX,Alejandra ORTEGA,1:34:18 SB,,F,20 KILOMETRES RACE WALK,0
32,105,BRA,Gabriela DE SOUSA,1:34:28 SB,,F,20 KILOMETRES RACE WALK,0
33,102,AUS,Elizabeth MCMILLEN,1:34:58,,F,20 KILOMETRES RACE WALK,0
34,135,GRE,Christina PAPADOPOULOU,1:35:05 SB,,F,20 KILOMETRES RACE WALK,0
35,157,MEX,Ilse GUERRERO,1:35:20,,F,20 KILOMETRES RACE WALK,0
36,139,HUN,Tiziana SPILLER,1:35:32,,F,20 KILOMETRES RACE WALK,0
37,152,JPN,Ayane YANAI,1:35:44,,F,20 KILOMETRES RACE WALK,0
38,127,EST,Jekaterina MIROTVORTSEVA,1:36:25,,F,20 KILOMETRES RACE WALK,0
39,136,GRE,Panagiota TSINOPOULOU,1:37:40 SB,,F,20 KILOMETRES RACE WALK,0
40,116,COL,Lucy Alejandra MENDOZA MALAGON,1:38:05,,F,20 KILOMETRES RACE WALK,0
41,117,COL,Laura Cristina MOJICA CHALARCA,1:42:08,,F,20 KILOMETRES RACE WALK,0
,100,AUS,Alexandra GRIFFIN,DNF,,F,20 KILOMETRES RACE WALK,0
,108,BRA,Erica SENA,DNF,,F,20 KILOMETRES RACE WALK,0
,128,ETH,Sintayehu MASIRE,DNF,,F,20 KILOMETRES RACE WALK,0
,145,ITA,Antonella PALMISANO,DNF,,F,20 KILOMETRES RACE WALK,0
,174,TUR,Meryem BEKMEZ,DNF,,F,20 KILOMETRES RACE WALK,0
,112,CHN,Li PENG,DQ,,F,20 KILOMETRES RACE WALK,0
,137,GUA,Mirna ORTÍZ,DQ,,F,20 KILOMETRES RACE WALK,0
,120,ECU,Johana ORDÓŇEZ,DNS,,F,20 KILOMETRES RACE WALK,0
1,308,CAN,Evan DUNFEE,2:28:22,,M,35 KILOMETRES RACE WALK,0
2,305,BRA,Caio BONFIM,2:28:55 SB,,M,35 KILOMETRES RACE WALK,0
3,354,JPN,Hayato KATSUKI,2:29:16,,M,35 KILOMETRES RACE WALK,0
4,314,CHN,Yingcheng ZHOU,2:29:31,,M,35 KILOMETRES RACE WALK,0
5,334,FRA,Aurélien QUINION,2:30:24,,M,35 KILOMETRES RACE WALK,0
6,324,ESP,Daniel CHAMOSA,2:30:42,,M,35 KILOMETRES RACE WALK,0
7,374,SVK,Dominik ČERNÝ,2:31:17,,M,35 KILOMETRES RACE WALK,0
8,352,ITA,Riccardo ORSONI,2:31:39,,M,35 KILOMETRES RACE WALK,0
9,319,ECU,David HURTADO,2:32:35,,M,35 KILOMETRES RACE WALK,0
10,371,POL,Maher BEN HLIMA,2:33:08,,M,35 KILOMETRES RACE WALK,0
11,301,AUS,Rhydian COWLEY,2:33:28,,M,35 KILOMETRES RACE WALK,0
12,327,ESP,Miguel Ángel LÓPEZ,2:33:45,,M,35 KILOMETRES RACE WALK,0
13,323,ESP,Manuel BERMÚDEZ,2:35:19,,M,35 KILOMETRES RACE WALK,0
14,339,GER,Christopher LINKE,2:36:10,,M,35 KILOMETRES RACE WALK,0
15,306,BRA,Matheus CORREA,2:36:35 PB,,M,35 KILOMETRES RACE WALK,0
16,337,GER,Jonathan HILBERT,2:36:47,,M,35 KILOMETRES RACE WALK,0
17,336,GER,Johannes FRENZL,2:36:47,,M,35 KILOMETRES RACE WALK,0
18,355,JPN,Masatora KAWANO,2:37:15 SB,,M,35 KILOMETRES RACE WALK,0
19,376,SWE,Perseus KARLSTRÖM,2:37:47,,M,35 KILOMETRES RACE WALK,0
20,372,POR,João VIEIRA,2:38:20,,M,35 KILOMETRES RACE WALK,0
21,333,FRA,Kevin CAMPION,2:39:12,,M,35 KILOMETRES RACE WALK,0
22,342,HUN,Bence VENYERCSÁN,2:39:14,,M,35 KILOMETRES RACE WALK,0
23,344,IND,Sandeep KUMAR,2:39:15,,M,35 KILOMETRES RACE WALK,0
24,363,LAT,Raivo SAULGRIEZIS,2:40:19,,M,35 KILOMETRES RACE WALK,0
25,303,AUS,Will THOMPSON,2:40:19 SB,,M,35 KILOMETRES RACE WALK,0
26,357,JPN,Satoshi MARUO,2:40:29,,M,35 KILOMETRES RACE WALK,0
27,307,BRA,Max Batista GONCALVES DOS SANTOS,2:41:04 SB,,M,35 KILOMETRES RACE WALK,0
28,347,IRL,Oisin LANE,2:41:36,,M,35 KILOMETRES RACE WALK,0
29,340,GRE,Alexandros PAPAMICHAIL,2:42:07,,M,35 KILOMETRES RACE WALK,0
30,322,ECU,Oscar PATÍN,2:43:48,,M,35 KILOMETRES RACE WALK,0
31,318,CZE,Vít HLAVÁČ,2:44:08,,M,35 KILOMETRES RACE WALK,0
32,300,AUS,Mitchell BAKER,2:51:11 SB,,M,35 KILOMETRES RACE WALK,0
33,369,PAN,Yassir CABRERA,2:51:37,,M,35 KILOMETRES RACE WALK,0
34,335,GBR,Cameron CORBISHLEY,2:52:15,,M,35 KILOMETRES RACE WALK,0
,311,CHN,Qin WANG,DNF,,M,35 KILOMETRES RACE WALK,0
,321,ECU,Xavier MENA,DNF,,M,35 KILOMETRES RACE WALK,0
,351,ITA,Matteo GIUPPONI,DNF,,M,35 KILOMETRES RACE WALK,0
,362,KOR,Mingyu KIM,DNF,,M,35 KILOMETRES RACE WALK,0
,365,MEX,José Luis DOCTOR,DNF,,M,35 KILOMETRES RACE WALK,0
,366,MEX,Andres Eduardo OLIVAS NÚÑEZ,DNF,,M,35 KILOMETRES RACE WALK,0
,368,MEX,Julio César SALAZAR,DNF,,M,35 KILOMETRES RACE WALK,0
,375,SVK,Michal MORVAY,DNF,,M,35 KILOMETRES RACE WALK,0
,379,UKR,Ivan BANZERUK,DNF,,M,35 KILOMETRES RACE WALK,0
,380,UKR,Ihor HLAVAN,DNF,,M,35 KILOMETRES RACE WALK,0
,313,CHN,Jinrui ZHANG,DQ,,M,35 KILOMETRES RACE WALK,0
,315,COL,César HERRERA,DQ,,M,35 KILOMETRES RACE WALK,0
,316,COL,José MONTANA,DQ,,M,35 KILOMETRES RACE WALK,0
,343,IND,Ram BABOO,DQ,,M,35 KILOMETRES RACE WALK,0
,348,ITA,Teodorico CAPORASO,DQ,,M,35 KILOMETRES RACE WALK,0
,382,UKR,Yehor SHELEST,DQ,,M,35 KILOMETRES RACE WALK,0
1,126,ESP,María PÉREZ,2:39:01,,F,35 KILOMETRES RACE WALK,0
2,145,ITA,Antonella PALMISANO,2:42:24,,F,35 KILOMETRES RACE WALK,0
3,121,ECU,Paula Milena TORRES,2:42:44 NR,,F,35 KILOMETRES RACE WALK,0
4,112,CHN,Li PENG,2:43:29 PB,,F,35 KILOMETRES RACE WALK,0
5,166,POL,Katarzyna ZDZIEBŁO,2:44:37 SB,,F,35 KILOMETRES RACE WALK,0
6,123,ESP,Raquel GONZÁLEZ,2:45:41 SB,,F,35 KILOMETRES RACE WALK,0
7,125,ESP,Cristina MONTESINOS,2:46:44,,F,35 KILOMETRES RACE WALK,0
8,178,UKR,Hanna SHEVCHUK,2:49:44,,F,35 KILOMETRES RACE WALK,0
9,101,AUS,Rebecca HENDERSON,2:50:03,,F,35 KILOMETRES RACE WALK,0
10,163,PER,Kimberly GARCÍA LEÓN,2:50:37,,F,35 KILOMETRES RACE WALK,0
11,141,ITA,Nicole COLOMBI,2:51:04,,F,35 KILOMETRES RACE WALK,0
12,172,SVK,Hana BURZALOVÁ,2:51:15,,F,35 KILOMETRES RACE WALK,0
13,106,BRA,Viviane LYRA,2:51:16,,F,35 KILOMETRES RACE WALK,0
14,104,AUS,Olivia SANDERY,2:51:43,,F,35 KILOMETRES RACE WALK,0
15,150,JPN,Yukiko UMENO,2:56:28,,F,35 KILOMETRES RACE WALK,0
16,115,CHN,Hang YIN,2:56:51,,F,35 KILOMETRES RACE WALK,0
17,143,ITA,Eleonora Anna GIORGI,2:58:50,,F,35 KILOMETRES RACE WALK,0
18,132,GRE,Olga FIASKA,2:59:59 SB,,F,35 KILOMETRES RACE WALK,0
19,103,AUS,Allanah PITCHER,3:00:08,,F,35 KILOMETRES RACE WALK,0
20,151,JPN,Maika YAGI,3:01:27,,F,35 KILOMETRES RACE WALK,0
21,147,JPN,Masumi FUCHISE,3:03:29,,F,35 KILOMETRES RACE WALK,0
22,183,USA,Maria MICHTA-COFFEY,3:05:02 SB,,F,35 KILOMETRES RACE WALK,0
23,119,ECU,Karla JARAMILLO,3:05:03,,F,35 KILOMETRES RACE WALK,0
24,140,IND,PRIYANKA,3:05:58,,F,35 KILOMETRES RACE WALK,0
25,165,POL,Agnieszka ELLWARD,3:08:21,,F,35 KILOMETRES RACE WALK,0
26,109,BRA,Mayara Luize VICENTAINER,3:08:54,,F,35 KILOMETRES RACE WALK,0
27,168,POR,Joana PONTES,3:09:07 PB,,F,35 KILOMETRES RACE WALK,0
28,111,CHN,Li MA,3:09:32,,F,35 KILOMETRES RACE WALK,0
29,173,SVK,Ema HAČUNDOVÁ,3:10:21,,F,35 KILOMETRES RACE WALK,0
30,182,USA,Miranda MELVILLE,3:12:07,,F,35 KILOMETRES RACE WALK,0
31,162,PER,Brigitte COAQUIRA ALBARRACIN,3:13:22,,F,35 KILOMETRES RACE WALK,0
32,179,USA,Katie BURNETT,3:14:13,,F,35 KILOMETRES RACE WALK,0
33,175,TUR,Kader GÜVENÇ,3:14:46 PB,,F,35 KILOMETRES RACE WALK,0
34,171,RSA,Jessica GROENEWALD,3:16:03,,F,35 KILOMETRES RACE WALK,0
35,153,KAZ,Polina REPINA,3:20:00,,F,35 KILOMETRES RACE WALK,0
36,107,BRA,Elianay PEREIRA,3:20:32,,F,35 KILOMETRES RACE WALK,0
37,131,GRE,Sofia ALIKANIOTI,3:21:06,,F,35 KILOMETRES RACE WALK,0
38,170,PUR,Naomi GARCIA,3:21:57,,F,35 KILOMETRES RACE WALK,0
,120,ECU,Johana ORDÓŇEZ,DNF,,F,35 KILOMETRES RACE WALK,0
,134,GRE,Antigoni NTRISMPIOTI,DNF,,F,35 KILOMETRES RACE WALK,0
,138,HUN,Viktória MADARÁSZ,DNF,,F,35 KILOMETRES RACE WALK,0
,155,KAZ,Galina YAKUSHEVA,DNF,,F,35 KILOMETRES RACE WALK,0
,159,MEX,Valeria ORTUÑO,DNF,,F,35 KILOMETRES RACE WALK,0
,160,MEX,Karla Ximena SERRANO,DNF,,F,35 KILOMETRES RACE WALK,0
,161,PER,Mary Luz ANDIA,DNF,,F,35 KILOMETRES RACE WALK,0
,110,CAN,Olivia LUNDMAN,DQ,,F,35 KILOMETRES RACE WALK,0
,156,MEX,Alegna GONZÁLEZ,DNS,,F,35 KILOMETRES RACE WALK,0
1,USA,USA,Christian COLEMAN Kenneth BEDNAREK Courtney LINDSEY Noah LYLES,37.29 WL,0.141,M,4X100 METRES RELAY,0
2,CAN,CAN,Aaron BROWN Jerome BLAKE Brendon RODNEY Andre DE GRASSE,37.55 SB,0.146,M,4X100 METRES RELAY,0
3,NED,NED,Nsikak EKPO Taymir BURNET Xavi MO-AJOK Elvis AFRIFA,37.81 NR,0.145,M,4X100 METRES RELAY,0
4,GHA,GHA,Ibrahim FUSEINI Benjamin AZAMATI Joseph Paul AMOAH Abdul-Rasheed SAMINU,37.93,0.16,M,4X100 METRES RELAY,0
5,GER,GER,Julian WAGNER Marvin SCHULTE Owen ANSAH Lucas ANSAH-PEPRAH,38.29,0.151,M,4X100 METRES RELAY,0
6,JPN,JPN,Yuki KOIKE Hiroki YANAGITA Yoshihide KIRYU Towa UZAWA,38.35,0.162,M,4X100 METRES RELAY,0
7,FRA,FRA,Ryan ZEZE Jeff ERIUS Lenny CHANTEUR Aymeric PRIAM,38.58,0.147,M,4X100 METRES RELAY,0
,AUS,AUS,Connor BOND Jacob DESPARD Calab LAW Rohan BROWNING,DNF,0.15,M,4X100 METRES RELAY,0
1,USA,USA,Melissa JEFFERSON-WOODEN Twanisha TERRY Kayla WHITE Sha'Carri RICHARDSON,41.75,0.154,F,4X100 METRES RELAY,0
2,JAM,JAM,Shelly-Ann FRASER-PRYCE Tia CLAYTON Tina CLAYTON Jonielle SMITH,41.79 SB,0.14,F,4X100 METRES RELAY,0
3,GER,GER,Sina MAYER Rebekka HAASE Sophia JUNK Gina LÜCKENKEMPER,41.87,0.151,F,4X100 METRES RELAY,0
4,GBR,GBR,Dina ASHER-SMITH Amy HUNT Desiree HENRY Daryll NEITA,42.07,0.14,F,4X100 METRES RELAY,0
5,ESP,ESP,Esperança CLADERA Jaël BESTUÉ Paula SEVILLA Maria Isabel PÉREZ,42.47,0.133,F,4X100 METRES RELAY,0
6,FRA,FRA,Marie-ange RIMLINGER Sarah RICHARD Helene PARISOT Gémima JOSEPH,42.81,0.175,F,4X100 METRES RELAY,0
7,CAN,CAN,Sade MCCREATH Jacqueline MADOGO Marie-Éloise LECLAIR Audrey LEDUC,42.82,0.15,F,4X100 METRES RELAY,0
,POL,POL,Magdalena NIEMCZYK Pia SKRZYSZOWSKA Krystsina TSIMANOUSKAYA Ewa SWOBODA,DQ,0.154,F,4X100 METRES RELAY,0
1,BOT,BOT,Lee Bhekempilo EPPIE Letsile TEBOGO Bayapo NDORI Busang Collen KEBINATSHIPI,2:57.76,0.168,M,4X400 METRES RELAY,0
2,USA,USA,Vernon NORWOOD Jacory PATTERSON Khaleb MCRAE Rai BENJAMIN,2:57.83 SB,0.171,M,4X400 METRES RELAY,0
3,RSA,RSA,Lythe PILLAY Udeme OKON Wayde VAN NIEKERK Zakithi NENE,2:57.83,0.147,M,4X400 METRES RELAY,0
4,BEL,BEL,Jonathan SACOOR Robin VANDERBEMDEN Alexander DOOM Daniel SEGERS,2:59.48,0.133,M,4X400 METRES RELAY,0
5,QAT,QAT,Ammar Ismail YAHIA IBRAHIM Bassem HEMEIDA Ismail Doudai ABAKAR Abderrahman SAMBA,3:01.64,0.183,M,4X400 METRES RELAY,0
6,GBR,GBR,Lee THOMPSON Toby HARRIES Lewis DAVEY Charles DOBSON,3:03.05,0.225,M,4X400 METRES RELAY,0
7,JAM,JAM,Delano KENNEDY Jevaughn POWELL Jasauna DENNIS Rusheen MCDONALD,3:03.46,0.208,M,4X400 METRES RELAY,0
8,NED,NED,Jonas PHIJFFERS Terrence AGARD Liemarvin BONEVACIA Ramsey ANGELA,3:04.84,0.183,M,4X400 METRES RELAY,0
9,POR,POR,Pedro AFONSO Omar ELKHATIB João COELHO Ricardo DOS SANTOS,3:09.06,0.156,M,4X400 METRES RELAY,0
1,USA,USA,Isabella WHITTAKER Lynna IRBY-JACKSON Aaliyah BUTLER Sydney MCLAUGHLIN-LEVRONE,3:16.61 CR,0.163,F,4X400 METRES RELAY,0
2,JAM,JAM,Dejanea OAKLEY Stacey Ann WILLIAMS Andrenette KNIGHT Nickisha PRYCE,3:19.25 SB,0.146,F,4X400 METRES RELAY,0
3,NED,NED,Eveline SAALBERG Lieke KLAVER Lisanne DE WITTE Femke BOL,3:20.18 SB,0.217,F,4X400 METRES RELAY,0
4,BEL,BEL,Naomi VAN DEN BROECK Imke VERVAET Camille LAUS Helena PONETTE,3:22.15 SB,0.16,F,4X400 METRES RELAY,0
5,POL,POL,Anna GRYC Alicja WRONA-KUTRZEPA Justyna ŚWIĘTY-ERSETIC Natalia BUKOWIECKA,3:22.91 SB,0.198,F,4X400 METRES RELAY,0
6,NOR,NOR,Josefine Tomine Eriksen AKS Amalie IUEL Astri ERTZGAARD Henriette JÆGER,3:23.71 NR,0.169,F,4X400 METRES RELAY,0
7,FRA,FRA,Alexe DEAU Fanny PELTIER Louise MARAVAL Amandine BROSSIER,3:24.08 SB,0.183,F,4X400 METRES RELAY,0
8,ITA,ITA,Anna POLINARI Virginia TROIANI Eloisa COIRO Alice MANGIONE,3:25.00,0.144,F,4X400 METRES RELAY,0
1,USA,USA,Bryce DEADMON Lynna IRBY-JACKSON Jenoah MCKIVER Alexis HOLMES,3:08.80 =CR,0.179,-,4X400 METRES RELAY,1
2,NED,NED,Eugene OMALLA Lieke KLAVER Jonas PHIJFFERS Femke BOL,3:09.96 SB,0.238,-,4X400 METRES RELAY,1
3,BEL,BEL,Dylan BORLÉE Imke VERVAET Alexander DOOM Helena PONETTE,3:10.61,0.203,-,4X400 METRES RELAY,1
4,POL,POL,Maksymilian SZWED Natalia BUKOWIECKA Kajetan DUSZYŃSKI Justyna ŚWIĘTY-ERSETIC,3:10.63,0.253,-,4X400 METRES RELAY,1
5,GBR,GBR,Lewis DAVEY Emily NEWNHAM Toby HARRIES Nicole YEARGIN,3:10.84,0.183,-,4X400 METRES RELAY,1
6,RSA,RSA,Gardeo ISAACS Shirley NEKHUBUI Leendert KOEKEMOER Zenéy VAN DER WALT,3:11.89,0.175,-,4X400 METRES RELAY,1
7,ITA,ITA,Luca SITO Anna POLINARI Vladimir ACETI Alice MANGIONE,3:15.82,0.17,-,4X400 METRES RELAY,1
8,JPN,JPN,Takuho YOSHIZU Abigeirufuka IDO Kenki IMAIZUMI Nanako MATSUMOTO,3:17.53,0.172,-,4X400 METRES RELAY,1