"POSITION","BIB","COUNTRY","ATHELTE","MARK","REACTION.TIME","GENDER","EVENT","MIXED","EventGroup"
1,"2571","Jamaica","Oblique SEVILLE","9.77 PB",0.157,"M","100M",0,"Running"
2,"2574","Jamaica","Kishane THOMPSON","9.82",0.16,"M","100M",0,"Running"
3,"3016","United States","Noah LYLES","9.89 SB",0.192,"M","100M",0,"Running"
4,"2976","United States","Kenneth BEDNAREK","9.92",0.211,"M","100M",0,"Running"
5,"2862","South Africa","Gift LEOTLELA","9.95",0.184,"M","100M",0,"Running"
6,"2746","Nigeria","Kayinsola AJAYI","10",0.177,"M","100M",0,"Running"
7,"2873","South Africa","Akani SIMBINE","10.04",0.162,"M","100M",0,"Running"
NA,"2113","Botswana","Letsile TEBOGO","DQ",-0.317,"M","100M",0,"Running"
1,"1414","United States","Melissa JEFFERSON-WOODEN","10.61 CR",0.173,"F","100M",0,"Running"
2,"1020","Jamaica","Tina CLAYTON","10.76 PB",0.203,"F","100M",0,"Running"
3,"1106","St. Lucia","Julien ALFRED","10.84",0.169,"F","100M",0,"Running"
4,"1028","Jamaica","Shericka JACKSON","10.88 =SB",0.18,"F","100M",0,"Running"
5,"1439","United States","Sha'Carri RICHARDSON","10.94 SB",0.178,"F","100M",0,"Running"
6,"1024","Jamaica","Shelly-Ann FRASER-PRYCE","11.03",0.195,"F","100M",0,"Running"
7,"690","Côte d’Ivoire","Marie-Josée TA LOU-SMITH","11.04",0.202,"F","100M",0,"Running"
8,"852","United Kingdom","Dina ASHER-SMITH","11.08",0.186,"F","100M",0,"Running"
1,"3016","United States","Noah LYLES","19.52",0.167,"M","200M",0,"Running"
2,"2976","United States","Kenneth BEDNAREK","19.58 SB",0.179,"M","200M",0,"Running"
3,"2560","Jamaica","Bryan LEVELL","19.64 PB",0.147,"M","200M",0,"Running"
4,"2113","Botswana","Letsile TEBOGO","19.65 SB",0.163,"M","200M",0,"Running"
5,"2380","United Kingdom","Zharnel HUGHES","19.78 SB",0.126,"M","200M",0,"Running"
6,"2258","Dominican Republic","Alexander OGANDO","20.01",0.149,"M","200M",0,"Running"
7,"3065","Zimbabwe","Tapiwanashe MAKARAWU","20.12",0.136,"M","200M",0,"Running"
8,"2853","South Africa","Sinesipho DAMBILE","20.23",0.169,"M","200M",0,"Running"
1,"1414","United States","Melissa JEFFERSON-WOODEN","21.68 WL",0.17,"F","200M",0,"Running"
2,"862","United Kingdom","Amy HUNT","22.14",0.163,"F","200M",0,"Running"
3,"1028","Jamaica","Shericka JACKSON","22.18",0.169,"F","200M",0,"Running"
4,"1377","United States","Anavia BATTLE","22.22",0.15,"F","200M",0,"Running"
5,"852","United Kingdom","Dina ASHER-SMITH","22.43",0.147,"F","200M",0,"Running"
6,"1380","United States","Brittany BROWN","22.54",0.203,"F","200M",0,"Running"
7,"690","Côte d’Ivoire","Marie-Josée TA LOU-SMITH","22.62",0.166,"F","200M",0,"Running"
8,"1423","United States","Mckenzie LONG","22.78",0.197,"F","200M",0,"Running"
NA,"562","Bahamas","Anthonique STRACHAN","DQ",-0.339,"F","200M",0,"Running"
1,"2106","Botswana","Busang Collen KEBINATSHIPI","43.53 WL",0.134,"M","400M",0,"Running"
2,"2932","Trinidad & Tobago","Jereem RICHARDS","43.72 NR",0.145,"M","400M",0,"Running"
3,"2108","Botswana","Bayapo NDORI","44.20 SB",0.144,"M","400M",0,"Running"
4,"2562","Jamaica","Rusheen MCDONALD","44.28",0.201,"M","400M",0,"Running"
5,"2867","South Africa","Zakithi NENE","44.55",0.139,"M","400M",0,"Running"
6,"2606","Japan","Yuki Joseph NAKAJIMA","44.62",0.201,"M","400M",0,"Running"
7,"3029","United States","Jacory PATTERSON","44.7",0.141,"M","400M",0,"Running"
8,"2104","Botswana","Lee Bhekempilo EPPIE","44.77",0.151,"M","400M",0,"Running"
1,"1427","United States","Sydney MCLAUGHLIN-LEVRONE","47.78 CR",0.171,"F","400M",0,"Running"
2,"741","Dominican Republic","Marileidy PAULINO","47.98 NR",0.183,"F","400M",0,"Running"
3,"613","Bahrain","Salwa Eid NASER","48.19 SB",0.189,"F","400M",0,"Running"
4,"1198","Poland","Natalia BUKOWIECKA","49.27 SB",0.168,"F","400M",0,"Running"
5,"851","United Kingdom","Amber ANNING","49.36 SB",0.175,"F","400M",0,"Running"
6,"711","Cuba","Roxana GÓMEZ","49.48 NR",0.195,"F","400M",0,"Running"
7,"1176","Norway","Henriette JÆGER","49.74",0.148,"F","400M",0,"Running"
8,"1035","Jamaica","Nickisha PRYCE","49.97",0.158,"F","400M",0,"Running"
1,"2662","Kenya","Emmanuel WANYONYI","1:41.86 CR",NA,"M","800M",0,"Running"
2,"2007","Algeria","Djamel SEDJATI","1:41.90 SB",NA,"M","800M",0,"Running"
3,"2147","Canada","Marco AROP","1:41.95 SB",NA,"M","800M",0,"Running"
4,"2491","Ireland","Cian MCPHILLIPS","1:42.15 NR",NA,"M","800M",0,"Running"
5,"2271","Spain","Mohamed ATTAOUI","1:42.21 SB",NA,"M","800M",0,"Running"
6,"2363","United Kingdom","Max BURGIN","1:42.29 PB",NA,"M","800M",0,"Running"
7,"2546","Jamaica","Navasky ANDERSON","1:42.76 NR",NA,"M","800M",0,"Running"
8,"2107","Botswana","Tshepiso MASALELA","1:42.77",NA,"M","800M",0,"Running"
1,"1095","Kenya","Lilian ODIRA","1:54.62 CR",NA,"F","800M",0,"Running"
2,"863","United Kingdom","Georgia HUNTER BELL","1:54.90 PB",NA,"F","800M",0,"Running"
3,"861","United Kingdom","Keely HODGKINSON","1:54.91",NA,"F","800M",0,"Running"
4,"1093","Kenya","Sarah MORAA","1:55.74 PB",NA,"F","800M",0,"Running"
5,"1409","United States","Sage HURTA-KLECKER","1:55.89 PB",NA,"F","800M",0,"Running"
6,"1309","Switzerland","Audrey WERRO","1:56.17",NA,"F","800M",0,"Running"
7,"1092","Kenya","Mary MORAA","1:57.10 SB",NA,"F","800M",0,"Running"
8,"530","Australia","Jessica HULL","1:57.30",NA,"F","800M",0,"Running"
1,"2820","Portugal","Isaac NADER","3:34.10",NA,"M","1500M",0,"Running"
2,"2391","United Kingdom","Jake WIGHTMAN","3:34.12",NA,"M","1500M",0,"Running"
3,"2628","Kenya","Reynold CHERUIYOT","3:34.25",NA,"M","1500M",0,"Running"
4,"2629","Kenya","Timothy CHERUIYOT","3:34.50",NA,"M","1500M",0,"Running"
5,"2736","Netherlands","Niels LAROS","3:34.52",NA,"M","1500M",0,"Running"
6,"2408","Germany","Robert FARKEN","3:35.15",NA,"M","1500M",0,"Running"
7,"2530","Italy","Federico RIVA","3:35.33",NA,"M","1500M",0,"Running"
8,"2273","Spain","Adrián BEN","3:35.38",NA,"M","1500M",0,"Running"
9,"2876","South Africa","Tshepo TSHITE","3:35.50",NA,"M","1500M",0,"Running"
10,"2376","United Kingdom","Neil GOURLEY","3:35.56",NA,"M","1500M",0,"Running"
11,"2923","Sweden","Samuel PIHLSTRÖM","3:35.74",NA,"M","1500M",0,"Running"
12,"2480","Ireland","Andrew COSCORAN","3:35.87",NA,"M","1500M",0,"Running"
13,"3011","United States","Jonah KOECH","3:37.00",NA,"M","1500M",0,"Running"
14,"2381","United Kingdom","Josh KERR","4:11.23",NA,"M","1500M",0,"Running"
1,"1088","Kenya","Faith KIPYEGON","3:52.15",NA,"F","1500M",0,"Running"
2,"1083","Kenya","Dorcus EWOI","3:54.92 PB",NA,"F","1500M",0,"Running"
3,"530","Australia","Jessica HULL","3:55.16",NA,"F","1500M",0,"Running"
4,"1078","Kenya","Nelly CHEPCHIRCHIR","3:55.25 PB",NA,"F","1500M",0,"Running"
5,"1405","United States","Nikki HILTZ","3:57.08",NA,"F","1500M",0,"Running"
6,"788","Ethiopia","Freweyni HAILU","3:57.33",NA,"F","1500M",0,"Running"
7,"1204","Poland","Klaudia KAZIMIERSKA","3:57.95 PB",NA,"F","1500M",0,"Running"
8,"839","France","Sarah MADELEINE","3:58.09 PB",NA,"F","1500M",0,"Running"
9,"768","Spain","Marta PÉREZ","3:58.54 SB",NA,"F","1500M",0,"Running"
10,"955","Ireland","Sarah HEALY","3:59.14",NA,"F","1500M",0,"Running"
11,"621","Canada","Gabriela DEBUES-STAFFORD","3:59.65 SB",NA,"F","1500M",0,"Running"
12,"1229","Portugal","Salomé AFONSO","4:00.47",NA,"F","1500M",0,"Running"
13,"1416","United States","Sinclaire JOHNSON","4:00.92",NA,"F","1500M",0,"Running"
14,"923","Germany","Nele WESSEL","4:10.31",NA,"F","1500M",0,"Running"
1,"3001","United States","Cole HOCKER","12:58.30",NA,"M","5000M",0,"Running"
2,"2086","Belgium","Isaac KIMELI","12:58.78 SB",NA,"M","5000M",0,"Running"
3,"2336","France","Jimmy GRESSIER","12:59.33",NA,"M","5000M",0,"Running"
4,"2049","Australia","Ky ROBINSON","12:59.61",NA,"M","5000M",0,"Running"
5,"2305","Ethiopia","Biniam MEHARY","12:59.95",NA,"M","5000M",0,"Running"
6,"3052","United States","Nico YOUNG","13:00.07",NA,"M","5000M",0,"Running"
7,"2139","Bahrain","Birhanu BALEW","13:00.55",NA,"M","5000M",0,"Running"
8,"2992","United States","Grant FISHER","13:00.79",NA,"M","5000M",0,"Running"
9,"2351","France","Yann SCHRUB","13:01.34",NA,"M","5000M",0,"Running"
10,"2760","Norway","Jakob INGEBRIGTSEN","13:02.00 SB",NA,"M","5000M",0,"Running"
11,"2641","Kenya","Mathew Kipchumba KIPSANG","13:03.67",NA,"M","5000M",0,"Running"
12,"2732","Netherlands","Mike FOPPEN","13:05.94",NA,"M","5000M",0,"Running"
13,"2299","Ethiopia","Hagos GEBRHIWET","13:07.02",NA,"M","5000M",0,"Running"
14,"2327","France","Etienne DAGUINOS","13:11.72",NA,"M","5000M",0,"Running"
15,"2967","Uruguay","Valentin SOCA","13:34.35",NA,"M","5000M",0,"Running"
16,"2383","United Kingdom","George MILLS","13:44.88",NA,"M","5000M",0,"Running"
1,"1076","Kenya","Beatrice CHEBET","14:54.36",NA,"F","5000M",0,"Running"
2,"1088","Kenya","Faith KIPYEGON","14:55.07 SB",NA,"F","5000M",0,"Running"
3,"972","Italy","Nadia BATTOCLETTI","14:55.42",NA,"F","5000M",0,"Running"
4,"1407","United States","Shelby HOULIHAN","14:57.42",NA,"F","5000M",0,"Running"
5,"796","Ethiopia","Gudaf TSEGAY","14:57.82",NA,"F","5000M",0,"Running"
6,"1374","United States","Josette ANDREWS","15:00.25",NA,"F","5000M",0,"Running"
7,"757","Spain","Marta GARCÍA","15:01.02",NA,"F","5000M",0,"Running"
8,"873","United Kingdom","Hannah NUTTALL","15:01.25",NA,"F","5000M",0,"Running"
9,"782","Ethiopia","Fantaye BELAYNEH","15:02.05",NA,"F","5000M",0,"Running"
10,"521","Australia","Rose DAVIES","15:03.61",NA,"F","5000M",0,"Running"
11,"527","Australia","Linden HALL","15:04.03",NA,"F","5000M",0,"Running"
12,"1067","Japan","Nozomi TANAKA","15:07.34",NA,"F","5000M",0,"Running"
13,"785","Ethiopia","Medina EISA","15:07.47",NA,"F","5000M",0,"Running"
14,"1145","Netherlands","Maureen KOSTER","15:07.58",NA,"F","5000M",0,"Running"
15,"1094","Kenya","Agnes Jebet NGETICH","15:13.78",NA,"F","5000M",0,"Running"
16,"1356","Uganda","Joy CHEPTOYEK","15:18.98",NA,"F","5000M",0,"Running"
1,"2336","France","Jimmy GRESSIER","28:55.77 SB",NA,"M","10000M",0,"Running"
2,"2304","Ethiopia","Yomif KEJELCHA","28:55.83 SB",NA,"M","10000M",0,"Running"
3,"2909","Sweden","Andreas ALMGREN","28:56.02",NA,"M","10000M",0,"Running"
4,"2638","Kenya","Ishmael Rokitto KIPKURUI","28:56.48",NA,"M","10000M",0,"Running"
5,"3052","United States","Nico YOUNG","28:56.62 SB",NA,"M","10000M",0,"Running"
6,"2296","Ethiopia","Selemon BAREGA","28:57.21",NA,"M","10000M",0,"Running"
7,"2646","Kenya","Edwin KURGAT","28:57.83",NA,"M","10000M",0,"Running"
8,"2992","United States","Grant FISHER","28:57.85 SB",NA,"M","10000M",0,"Running"
9,"2285","Spain","Thierry NDIKUMWENAYO","28:59.07 SB",NA,"M","10000M",0,"Running"
10,"2880","South Africa","Adriaan WILDSCHUTT","28:59.47",NA,"M","10000M",0,"Running"
11,"2979","United States","Graham BLANKS","29:01.27",NA,"M","10000M",0,"Running"
12,"2295","Ethiopia","Berihu AREGAWI","29:02.02",NA,"M","10000M",0,"Running"
13,"2950","Uganda","Dan KIBET","29:03.22",NA,"M","10000M",0,"Running"
14,"2901","Switzerland","Dominic Lokinyomo LOBALU","29:11.65 SB",NA,"M","10000M",0,"Running"
15,"2074","Burundi","Egide NTAKARUTIMANA","29:12.81",NA,"M","10000M",0,"Running"
16,"2473","India","Gulveer SINGH","29:13.33",NA,"M","10000M",0,"Running"
17,"2761","Norway","Awet Nftalem KIBRAB","29:19.91",NA,"M","10000M",0,"Running"
18,"2947","Uganda","Oscar CHELIMO","29:26.66 PB",NA,"M","10000M",0,"Running"
19,"2485","Ireland","Efrem GIDEY","29:30.37",NA,"M","10000M",0,"Running"
20,"2618","Japan","Mebuki SUZUKI","29:33.60",NA,"M","10000M",0,"Running"
21,"2073","Burundi","Célestin NDIKUMANA","29:38.86",NA,"M","10000M",0,"Running"
22,"2595","Japan","Jun KASAI","29:41.84",NA,"M","10000M",0,"Running"
23,"2403","Germany","Davor Aaron BIENENFELD","29:51.41",NA,"M","10000M",0,"Running"
NA,"2639","Kenya","Benson KIPLANGAT","DNF",NA,"M","10000M",0,"Running"
NA,"2146","Canada","Mohammed AHMED","DNF",NA,"M","10000M",0,"Running"
NA,"2266","Eritrea","Merhawi MEBRAHTU","DNS",NA,"M","10000M",0,"Running"
NA,"2177","Chile","Ignacio VELASQUEZ","DNS",NA,"M","10000M",0,"Running"
1,"1076","Kenya","Beatrice CHEBET","30:37.61",NA,"F","10000M",0,"Running"
2,"972","Italy","Nadia BATTOCLETTI","30:38.23 NR",NA,"F","10000M",0,"Running"
3,"796","Ethiopia","Gudaf TSEGAY","30:39.65 SB",NA,"F","10000M",0,"Running"
4,"1094","Kenya","Agnes Jebet NGETICH","30:42.66",NA,"F","10000M",0,"Running"
5,"794","Ethiopia","Ejgayehu TAYE","30:55.52 SB",NA,"F","10000M",0,"Running"
6,"1050","Japan","Ririka HIRONAKA","31:09.62",NA,"F","10000M",0,"Running"
7,"1356","Uganda","Joy CHEPTOYEK","31:15.03",NA,"F","10000M",0,"Running"
8,"795","Ethiopia","Fotyen TESFAY","31:21.67 SB",NA,"F","10000M",0,"Running"
9,"546","Australia","Lauren RYAN","31:27.78",NA,"F","10000M",0,"Running"
10,"866","United Kingdom","Megan KEITH","31:33.85",NA,"F","10000M",0,"Running"
11,"859","United Kingdom","Calli HAUGER-THACKERY","31:37.81",NA,"F","10000M",0,"Running"
12,"1388","United States","Elise CRANNY","31:40.07",NA,"F","10000M",0,"Running"
13,"581","Belgium","Jana VAN LENT","31:44.05",NA,"F","10000M",0,"Running"
14,"1410","United States","Emily INFELD","31:47.65",NA,"F","10000M",0,"Running"
15,"1277","Slovenia","Klara LUKAN","31:49.76",NA,"F","10000M",0,"Running"
16,"1072","Kazakhstan","Daisy JEPKEMEI","31:49.87",NA,"F","10000M",0,"Running"
17,"510","Australia","Isobel BATT-DOYLE","31:53.41",NA,"F","10000M",0,"Running"
18,"1441","United States","Taylor ROE","32:12.19",NA,"F","10000M",0,"Running"
19,"1001","Italy","Elisa PALMERO","32:12.72",NA,"F","10000M",0,"Running"
20,"1070","Japan","Mikuni YADA","32:28.94",NA,"F","10000M",0,"Running"
21,"786","Ethiopia","Tsigie GEBRESELAMA","32:33.73 SB",NA,"F","10000M",0,"Running"
22,"567","Burundi","Francine NIYOMUKUNZI","32:52.59",NA,"F","10000M",0,"Running"
23,"890","Germany","Eva DIETERICH","33:46.76",NA,"F","10000M",0,"Running"
24,"603","Brazil","Nubia DE OLIVEIRA SILVA","36:00.21",NA,"F","10000M",0,"Running"
NA,"1354","Uganda","Sarah CHELANGAT","DNF",NA,"F","10000M",0,"Running"
NA,"1079","Kenya","Janeth CHEPNGETICH","DNF",NA,"F","10000M",0,"Running"
NA,"1353","Uganda","Rebecca CHELANGAT","DNF",NA,"F","10000M",0,"Running"
1,"2926","Tanzania","Alphonce Felix SIMBU","2:09:48 SB",NA,"M","MARATHON",0,"Running"
2,"2423","Germany","Amanal PETROS","2:09:48",NA,"M","MARATHON",0,"Running"
3,"2503","Italy","Iliass AOUANI","2:09:53",NA,"M","MARATHON",0,"Running"
4,"2497","Israel","Haimro ALAME","2:10:03",NA,"M","MARATHON",0,"Running"
5,"2946","Uganda","Abel CHELANGAT","2:10:11",NA,"M","MARATHON",0,"Running"
6,"2510","Italy","Yohanes CHIAPPINELLI","2:10:15 SB",NA,"M","MARATHON",0,"Running"
7,"2498","Israel","Gashau AYALE","2:10:27",NA,"M","MARATHON",0,"Running"
8,"2264","Eritrea","Samsom AMARE","2:10:34",NA,"M","MARATHON",0,"Running"
9,"3051","United States","Clayton YOUNG","2:10:43 SB",NA,"M","MARATHON",0,"Running"
10,"3067","Zimbabwe","Isaac MPOFU","2:10:46 SB",NA,"M","MARATHON",0,"Running"
11,"2598","Japan","Ryota KONDO","2:10:53",NA,"M","MARATHON",0,"Running"
12,"2161","Canada","Cameron LEVINS","2:11:07 SB",NA,"M","MARATHON",0,"Running"
13,"2426","Germany","Richard RINGER","2:11:14",NA,"M","MARATHON",0,"Running"
14,"2916","Sweden","Suldan HASSAN","2:11:18",NA,"M","MARATHON",0,"Running"
15,"2952","Uganda","Victor KIPLANGAT","2:11:33 SB",NA,"M","MARATHON",0,"Running"
16,"2635","Kenya","Kennedy KIMUTAI","2:11:45",NA,"M","MARATHON",0,"Running"
17,"2088","Belgium","Koen NAERT","2:12:52",NA,"M","MARATHON",0,"Running"
18,"2003","Algeria","Abderrazak CHARIK","2:13:06 SB",NA,"M","MARATHON",0,"Running"
19,"2941","Turkey","Kaan Kigen ÖZBILEN","2:13:27",NA,"M","MARATHON",0,"Running"
20,"2689","Morocco","Mohamed Reda EL AARABY","2:13:29",NA,"M","MARATHON",0,"Running"
21,"2897","Sudan","Yaseen ABDALLA","2:13:32 SB",NA,"M","MARATHON",0,"Running"
22,"2654","Kenya","Vincent Kipkemoi NGETICH","2:13:38",NA,"M","MARATHON",0,"Running"
23,"2599","Japan","Naoki KOYAMA","2:13:42",NA,"M","MARATHON",0,"Running"
24,"2489","Ireland","Peter LYNCH","2:14:12",NA,"M","MARATHON",0,"Running"
25,"2913","Sweden","Ebba Tulu CHALA","2:14:40",NA,"M","MARATHON",0,"Running"
26,"2184","China","Jie HE","2:14:52",NA,"M","MARATHON",0,"Running"
27,"2267","Eritrea","Oqbe Kibrom RUESOM","2:15:01",NA,"M","MARATHON",0,"Running"
28,"2991","United States","Reed FISCHER","2:15:17 SB",NA,"M","MARATHON",0,"Running"
29,"2253","Denmark","Jacob Sommer SIMONSEN","2:15:31 SB",NA,"M","MARATHON",0,"Running"
30,"2205","China","Shaohui YANG","2:15:35",NA,"M","MARATHON",0,"Running"
31,"2200","China","Xiangdong WU","2:16:01",NA,"M","MARATHON",0,"Running"
32,"2968","Uruguay","Cristhian ZAMORA","2:16:09 SB",NA,"M","MARATHON",0,"Running"
33,"2855","South Africa","Elroy GELANT","2:16:32",NA,"M","MARATHON",0,"Running"
34,"2624","Japan","Yuya YOSHIDA","2:16:58 SB",NA,"M","MARATHON",0,"Running"
35,"2159","Canada","Justin KENT","2:17:12",NA,"M","MARATHON",0,"Running"
36,"2168","Canada","Ben PREISNER","2:17:32",NA,"M","MARATHON",0,"Running"
37,"3054","Uzbekistan","Shokhrukh DAVLATOV","2:18:04 SB",NA,"M","MARATHON",0,"Running"
38,"2119","Brazil","Johnatas DE OLIVEIRA","2:18:22",NA,"M","MARATHON",0,"Running"
39,"2018",NA,"Kiruhura Emmanuel NTAGUNGA","2:19:11",NA,"M","MARATHON",0,"Running"
40,"2969","United States","CJ ALBERTSON","2:19:25",NA,"M","MARATHON",0,"Running"
41,"2017",NA,"Omar HASSAN","2:19:47",NA,"M","MARATHON",0,"Running"
42,"2825","Portugal","Rui PINTO","2:19:50",NA,"M","MARATHON",0,"Running"
43,"2734","Netherlands","Tom HENDRIKSE","2:19:57 SB",NA,"M","MARATHON",0,"Running"
44,"2057","Australia","Tim VINCENT","2:20:12 SB",NA,"M","MARATHON",0,"Running"
45,"2132","Brazil","Paulo Roberto PAULA","2:20:18",NA,"M","MARATHON",0,"Running"
46,"2265","Eritrea","Ablelom MARYO","2:20:46",NA,"M","MARATHON",0,"Running"
47,"2001","Algeria","Mohammed BENYETTOU","2:20:51 SB",NA,"M","MARATHON",0,"Running"
48,"2704","Mexico","Marcelo LAGUERA","2:20:56",NA,"M","MARATHON",0,"Running"
49,"2765","Norway","Sondre Nordstad MOEN","2:21:22",NA,"M","MARATHON",0,"Running"
50,"2793","Poland","Mateusz KACZOR","2:21:51 SB",NA,"M","MARATHON",0,"Running"
51,"2292","Estonia","Tiidrek NURME","2:21:58",NA,"M","MARATHON",0,"Running"
52,"2059","Austria","Aaron GRUEN","2:22:07",NA,"M","MARATHON",0,"Running"
53,"2925","Tanzania","Josephat Joshua GISEMO","2:22:47 SB",NA,"M","MARATHON",0,"Running"
54,"2173","Chile","Hugo CATRILEO","2:23:29",NA,"M","MARATHON",0,"Running"
55,"2940","Turkey","Ilham Tanui ÖZBILEN","2:23:35",NA,"M","MARATHON",0,"Running"
56,"2782","Peru","Ferdinand CERECEDA","2:23:46 SB",NA,"M","MARATHON",0,"Running"
57,"2026","Australia","Liam BOUDIN","2:24:39",NA,"M","MARATHON",0,"Running"
58,"2712","North Macedonia","Dario IVANOVSKI","2:26:31",NA,"M","MARATHON",0,"Running"
59,"2222","Cape Verde","Samuel FREIRE","2:27:26 SB",NA,"M","MARATHON",0,"Running"
60,"2260","Ecuador","Segundo JAMI","2:28:07",NA,"M","MARATHON",0,"Running"
61,"3068","Zimbabwe","Tendai ZIMUTO","2:28:10",NA,"M","MARATHON",0,"Running"
62,"2965","Uruguay","Nicolás CUESTAS","2:28:37",NA,"M","MARATHON",0,"Running"
63,"2138","Brazil","Ederson VILELA PEREIRA","2:28:40",NA,"M","MARATHON",0,"Running"
64,"2291","Estonia","Leonid LATSEPOV","2:29:59",NA,"M","MARATHON",0,"Running"
65,"2709","Mongolia","Ser-Od BAT-OCHIR","2:30:09",NA,"M","MARATHON",0,"Running"
66,"2701","Moldova","Maxim RĂILEANU","2:32:15",NA,"M","MARATHON",0,"Running"
NA,"2072","Burundi","Therence BIZOZA","DNF",NA,"M","MARATHON",0,"Running"
NA,"2255","Djibouti","Abdi WAISS","DNF",NA,"M","MARATHON",0,"Running"
NA,"2297","Ethiopia","Tesfaye DERIBA","DNF",NA,"M","MARATHON",0,"Running"
NA,"2300","Ethiopia","Deresa GELETA","DNF",NA,"M","MARATHON",0,"Running"
NA,"2307","Ethiopia","Tadese TAKELE","DNF",NA,"M","MARATHON",0,"Running"
NA,"2364","United Kingdom","Emile CAIRESS","DNF",NA,"M","MARATHON",0,"Running"
NA,"2487","Ireland","Hiko Tonosa HASO","DNF",NA,"M","MARATHON",0,"Running"
NA,"2500","Israel","Maru TEFERI","DNF",NA,"M","MARATHON",0,"Running"
NA,"2511","Italy","Yemaneberhan CRIPPA","DNF",NA,"M","MARATHON",0,"Running"
NA,"2636","Kenya","Hillary KIPKOECH","DNF",NA,"M","MARATHON",0,"Running"
NA,"2667","South Korea","Minho PARK","DNF",NA,"M","MARATHON",0,"Running"
NA,"2688","Morocco","Soufiyan BOUQANTAR","DNF",NA,"M","MARATHON",0,"Running"
NA,"2692","Morocco","Othmane EL GOUMRI","DNF",NA,"M","MARATHON",0,"Running"
NA,"2706","Mexico","Juan PACHECO","DNF",NA,"M","MARATHON",0,"Running"
NA,"2710","Mongolia","Byambajav TSEVEENRAVDAN","DNF",NA,"M","MARATHON",0,"Running"
NA,"2718","Namibia","Daniel Nghidinwa PAULUS","DNF",NA,"M","MARATHON",0,"Running"
NA,"2763","Norway","Zerei Kbrom MEZNGI","DNF",NA,"M","MARATHON",0,"Running"
NA,"2783","Peru","Rene CHAMPI","DNF",NA,"M","MARATHON",0,"Running"
NA,"2882","Rwanda","Yves NIMUBONA","DNF",NA,"M","MARATHON",0,"Running"
NA,"2937","Turkey","Sezgin ATAÇ","DNF",NA,"M","MARATHON",0,"Running"
NA,"2954","Uganda","Stephen KISSA","DNF",NA,"M","MARATHON",0,"Running"
NA,"2955","Uganda","Solomon MUTAI","DNF",NA,"M","MARATHON",0,"Running"
NA,"2254","Djibouti","Ibrahim HASSAN","DNS",NA,"M","MARATHON",0,"Running"
NA,"2881","Rwanda","Felicien MUHITIRA","DNS",NA,"M","MARATHON",0,"Running"
1,"1085","Kenya","Peres JEPCHIRCHIR","2:24:43 SB",NA,"F","MARATHON",0,"Running"
2,"781","Ethiopia","Tigst ASSEFA","2:24:45",NA,"F","MARATHON",0,"Running"
3,"1368","Uruguay","Julia PATERNAIN","2:27:23",NA,"F","MARATHON",0,"Running"
4,"1447","United States","Susanna SULLIVAN","2:28:17 SB",NA,"F","MARATHON",0,"Running"
5,"819","Finland","Alisa VAINIO","2:28:32 SB",NA,"F","MARATHON",0,"Running"
6,"610","Bahrain","Shitaye ESHETE","2:28:41",NA,"F","MARATHON",0,"Running"
7,"1054","Japan","Kana KOBAYASHI","2:28:50",NA,"F","MARATHON",0,"Running"
8,"1426","United States","Jessica MCCLAIN","2:29:20 SB",NA,"F","MARATHON",0,"Running"
9,"960","Ireland","Fionnuala MCCORMACK","2:30:16 SB",NA,"F","MARATHON",0,"Running"
10,"748","Eritrea","Dolshi TESFU","2:30:41",NA,"F","MARATHON",0,"Running"
11,"761","Spain","Laura LUENGO","2:30:55 SB",NA,"F","MARATHON",0,"Running"
12,"1357","Uganda","Stella CHESANG","2:31:13",NA,"F","MARATHON",0,"Running"
13,"1062","Japan","Sayaka SATO","2:31:15",NA,"F","MARATHON",0,"Running"
14,"660","China","Cuomu CIREN","2:31:38",NA,"F","MARATHON",0,"Running"
15,"943","Hungary","Nóra SZABÓ","2:31:41",NA,"F","MARATHON",0,"Running"
16,"609","Bahrain","Eunice Chebichii CHUMBA","2:32:22",NA,"F","MARATHON",0,"Running"
17,"1146","Netherlands","Anne LUIJTEN","2:32:27",NA,"F","MARATHON",0,"Running"
18,"1080","Kenya","Jackline CHERONO","2:33:17",NA,"F","MARATHON",0,"Running"
19,"1237","Portugal","Solange JESUS","2:33:24",NA,"F","MARATHON",0,"Running"
20,"992","Italy","Rebecca LONEDO","2:33:40",NA,"F","MARATHON",0,"Running"
21,"1191","Peru","Sheyla EULOGIO PAUCAR","2:33:42",NA,"F","MARATHON",0,"Running"
22,"669","China","Zhixuan LI","2:34:03",NA,"F","MARATHON",0,"Running"
23,"969","Israel","Maor TIYOURI","2:34:28",NA,"F","MARATHON",0,"Running"
24,"766","Spain","Fatima Azzahraa OUHADDOU NAFIE","2:35:05",NA,"F","MARATHON",0,"Running"
25,"1128","Mongolia","Khishigsaikhan GALBADRAKH","2:35:05",NA,"F","MARATHON",0,"Running"
26,"1241","Portugal","Susana SANTOS","2:35:06 SB",NA,"F","MARATHON",0,"Running"
27,"790","Ethiopia","Sutume Asefa KEBEDE","2:35:30",NA,"F","MARATHON",0,"Running"
28,"1046","Japan","Yuka ANDO","2:35:37",NA,"F","MARATHON",0,"Running"
29,"1097","South Korea","Kyungsun CHOI","2:35:42",NA,"F","MARATHON",0,"Running"
30,"681","China","Deshun ZHANG","2:35:58",NA,"F","MARATHON",0,"Running"
31,"646","Canada","Natasha WODAK","2:36:02 SB",NA,"F","MARATHON",0,"Running"
32,"849","France","Manon TRAPP","2:36:09",NA,"F","MARATHON",0,"Running"
33,"554","Austria","Julia MAYER","2:36:20 SB",NA,"F","MARATHON",0,"Running"
34,"1132","Namibia","Alina ARMAS","2:36:33",NA,"F","MARATHON",0,"Running"
35,"744","Ecuador","Silvia Patricia ORTIZ MOROCHO","2:37:22 SB",NA,"F","MARATHON",0,"Running"
36,"1286","South Sudan","Atalena Napule Gaspore LOLIHA","2:38:18",NA,"F","MARATHON",0,"Running"
37,"1098","South Korea","Ye-jin LIM","2:38:31",NA,"F","MARATHON",0,"Running"
38,"549","Australia","Vanessa WILSON","2:39:17 SB",NA,"F","MARATHON",0,"Running"
39,"1197","Poland","Aleksandra BRZEZIŃSKA","2:39:46",NA,"F","MARATHON",0,"Running"
40,"1142","Netherlands","Marcella HERZOG","2:39:57 SB",NA,"F","MARATHON",0,"Running"
41,"1108","Lesotho","Neheng KHATALA","2:41:16 SB",NA,"F","MARATHON",0,"Running"
42,"532","Australia","Sarah KLEIN","2:41:46 SB",NA,"F","MARATHON",0,"Running"
43,"733","Denmark","Sara Schou KRISTENSEN","2:42:34 SB",NA,"F","MARATHON",0,"Running"
44,"506","Armenia","Nina USUBYAN","2:42:37",NA,"F","MARATHON",0,"Running"
45,"1127","Mongolia","Munkhzaya BAYARTSOGT","2:42:43 SB",NA,"F","MARATHON",0,"Running"
46,"743","Ecuador","Mary Zenaida GRANJA","2:43:02",NA,"F","MARATHON",0,"Running"
47,"1125","Mexico","Isabel OROPEZA","2:43:53 SB",NA,"F","MARATHON",0,"Running"
48,"539","Australia","Tara PALM","2:44:51",NA,"F","MARATHON",0,"Running"
49,"1352","Uganda","Mercyline CHELANGAT","2:45:36 SB",NA,"F","MARATHON",0,"Running"
50,"505","Argentina","Chiara Milena MAINETTI","2:46:27",NA,"F","MARATHON",0,"Running"
51,"1192","Peru","Aydee LOAYZA","2:48:00",NA,"F","MARATHON",0,"Running"
52,"1421","United States","Erika KEMP","2:50:35",NA,"F","MARATHON",0,"Running"
53,"1462","Zimbabwe","Fortunate CHIDZIVO","2:51:24",NA,"F","MARATHON",0,"Running"
54,"1122","Morocco","Rahma TAHIRI","2:51:30",NA,"F","MARATHON",0,"Running"
55,"702","Costa Rica","Diana BOGANTES","2:54:02 SB",NA,"F","MARATHON",0,"Running"
56,"1179","Norway","Hanne Andersen MARIDAL","2:55:04 SB",NA,"F","MARATHON",0,"Running"
57,"731","Denmark","Karen EHRENREICH","2:57:07",NA,"F","MARATHON",0,"Running"
58,"1269","Rwanda","Clementine MUKANDANGA","2:58:00 SB",NA,"F","MARATHON",0,"Running"
59,"657","Chile","Nicole URRA","2:58:05",NA,"F","MARATHON",0,"Running"
60,"1458","Venezuela","Magaly GARCIA","2:58:51",NA,"F","MARATHON",0,"Running"
61,"1274","Slovenia","Anja FINK","2:59:31 SB",NA,"F","MARATHON",0,"Running"
62,"1129","North Macedonia","Adrijana POP ARSOVA RASHIKJ","3:01:48 SB",NA,"F","MARATHON",0,"Running"
63,"1124","Mexico","Margarita HERNANDEZ FLORES","3:02:26",NA,"F","MARATHON",0,"Running"
NA,"611","Bahrain","Tigist GASHAW","DNF",NA,"F","MARATHON",0,"Running"
NA,"726","Czechia","Moira STEWARTOVÁ","DNF",NA,"F","MARATHON",0,"Running"
NA,"791","Ethiopia","Tigist KETEMA","DNF",NA,"F","MARATHON",0,"Running"
NA,"968","Israel","Lonah Chemtai SALPETER","DNF",NA,"F","MARATHON",0,"Running"
NA,"1091","Kenya","Magdalyne MASAI","DNF",NA,"F","MARATHON",0,"Running"
NA,"1118","Morocco","Kaoutar FARKOUSSI","DNF",NA,"F","MARATHON",0,"Running"
NA,"1119","Morocco","Fatima Ezzahra GARDADI","DNF",NA,"F","MARATHON",0,"Running"
NA,"1193","Peru","Zaida RAMOS","DNF",NA,"F","MARATHON",0,"Running"
NA,"1213","Poland","Izabela PASZKIEWICZ","DNF",NA,"F","MARATHON",0,"Running"
NA,"1350","Uganda","Juliet CHEKWEL","DNF",NA,"F","MARATHON",0,"Running"
1,"2771","New Zealand","Geordie BEAMISH","8:33.88",NA,"M","3000M STEEPLECHASE",0,"Running"
2,"2691","Morocco","Soufiane EL BAKKALI","8:33.95",NA,"M","3000M STEEPLECHASE",0,"Running"
3,"2660","Kenya","Edmund SEREM","8:34.56",NA,"M","3000M STEEPLECHASE",0,"Running"
4,"2298","Ethiopia","Samuel FIREWU","8:34.68",NA,"M","3000M STEEPLECHASE",0,"Running"
5,"2687","Morocco","Salaheddine BEN YAZIDE","8:35.16",NA,"M","3000M STEEPLECHASE",0,"Running"
6,"2303","Ethiopia","Lamecha GIRMA","8:35.60",NA,"M","3000M STEEPLECHASE",0,"Running"
7,"2328","France","Nicolas-Marie DARU","8:35.77",NA,"M","3000M STEEPLECHASE",0,"Running"
8,"2600","Japan","Ryuji MIURA","8:35.90",NA,"M","3000M STEEPLECHASE",0,"Running"
9,"3022","United States","Daniel MICHALSKI","8:37.12",NA,"M","3000M STEEPLECHASE",0,"Running"
10,"2685","Luxembourg","Ruben QUERINJEAN","8:37.49",NA,"M","3000M STEEPLECHASE",0,"Running"
11,"2934","Tunisia","Ahmed JAZIRI","8:39.30",NA,"M","3000M STEEPLECHASE",0,"Running"
12,"2427","Germany","Frederik RUPPERT","8:39.83",NA,"M","3000M STEEPLECHASE",0,"Running"
13,"2153","Canada","Jean-Simon DESGAGNÉS","8:39.96",NA,"M","3000M STEEPLECHASE",0,"Running"
14,"2309","Ethiopia","Getnet WALE","8:41.23",NA,"M","3000M STEEPLECHASE",0,"Running"
15,"2407","Germany","Niklas BUCHHOLZ","8:42.81",NA,"M","3000M STEEPLECHASE",0,"Running"
NA,"2634","Kenya","Abraham KIBIWOT","DNF",NA,"M","3000M STEEPLECHASE",0,"Running"
1,"1081","Kenya","Faith CHEROTICH","8:51.59 CR",NA,"F","3000M STEEPLECHASE",0,"Running"
2,"614","Bahrain","Winfred YAVI","8:56.46",NA,"F","3000M STEEPLECHASE",0,"Running"
3,"780","Ethiopia","Sembo ALMAYEW","8:58.86 PB",NA,"F","3000M STEEPLECHASE",0,"Running"
4,"1341","Tunisia","Marwa BOUZAYANI","9:01.46 NR",NA,"F","3000M STEEPLECHASE",0,"Running"
5,"1090","Kenya","Doris LEMNGOLE","9:02.39",NA,"F","3000M STEEPLECHASE",0,"Running"
6,"1073","Kazakhstan","Norah JERUTO","9:06.34",NA,"F","3000M STEEPLECHASE",0,"Running"
7,"905","Germany","Gesa Felicitas KRAUSE","9:14.27 SB",NA,"F","3000M STEEPLECHASE",0,"Running"
8,"793","Ethiopia","Lomi MULETA","9:14.90",NA,"F","3000M STEEPLECHASE",0,"Running"
9,"1435","United States","Angelina NAPOLEON","9:17.44",NA,"F","3000M STEEPLECHASE",0,"Running"
10,"1428","United States","Kaylee MITCHELL","9:18.66",NA,"F","3000M STEEPLECHASE",0,"Running"
11,"882","United Kingdom","Elise THORNER","9:19.02",NA,"F","3000M STEEPLECHASE",0,"Running"
12,"915","Germany","Lea MEYER","9:24.42",NA,"F","3000M STEEPLECHASE",0,"Running"
13,"845","France","Flavie RENOUARD","9:25.15",NA,"F","3000M STEEPLECHASE",0,"Running"
14,"1402","United States","Lexy HALLADAY","9:34.03",NA,"F","3000M STEEPLECHASE",0,"Running"
NA,"1355","Uganda","Peruth CHEMUTAI","DNF",NA,"F","3000M STEEPLECHASE",0,"Running"
1,"3041","United States","Cordell TINCH","12.99",0.168,"M","110M HURDLES",0,"Running"
2,"2549","Jamaica","Orlando BENNETT","13.08 PB",0.176,"M","110M HURDLES",0,"Running"
3,"2561","Jamaica","Tyler MASON","13.12 =PB",0.181,"M","110M HURDLES",0,"Running"
4,"2283","Spain","Enrique LLOPIS","13.16",0.153,"M","110M HURDLES",0,"Running"
5,"2604","Japan","Rachid MURATAKE","13.18",0.183,"M","110M HURDLES",0,"Running"
6,"3039","United States","Ja'Kobe THARP","13.31",0.148,"M","110M HURDLES",0,"Running"
7,"2341","France","Just KWAOU-MATHEY","13.42",0.203,"M","110M HURDLES",0,"Running"
NA,"2900","Switzerland","Jason JOSEPH","DNF",0.18,"M","110M HURDLES",0,"Running"
1,"1298","Switzerland","Ditaji KAMBUNDJI","12.24 NR",0.146,"F","100M HURDLES",0,"Running"
2,"1162","Nigeria","Tobi AMUSAN","12.29",0.187,"F","100M HURDLES",0,"Running"
3,"1445","United States","Grace STARK","12.34",0.172,"F","100M HURDLES",0,"Running"
4,"1443","United States","Masai RUSSELL","12.44",0.24,"F","100M HURDLES",0,"Running"
5,"1218","Poland","Pia SKRZYSZOWSKA","12.49 SB",0.141,"F","100M HURDLES",0,"Running"
6,"558","Bahamas","Devynne CHARLTON","12.49 SB",0.189,"F","100M HURDLES",0,"Running"
7,"1043","Jamaica","Danielle WILLIAMS","12.53",0.153,"F","100M HURDLES",0,"Running"
8,"1159","Netherlands","Nadine VISSER","12.56",0.17,"F","100M HURDLES",0,"Running"
1,"2977","United States","Rai BENJAMIN","46.52 SB",0.15,"M","400M HURDLES",0,"Running"
2,"2121","Brazil","Alison DOS SANTOS","46.84",0.159,"M","400M HURDLES",0,"Running"
3,"2845","Qatar","Abderrahman SAMBA","47.06 SB",0.182,"M","400M HURDLES",0,"Running"
4,"2749","Nigeria","Ezekiel NATHANIEL","47.11 NR",0.169,"M","400M HURDLES",0,"Running"
5,"2769","Norway","Karsten WARHOLM","47.58",0.15,"M","400M HURDLES",0,"Running"
6,"2397","Germany","Emil AGYEKUM","47.98",0.186,"M","400M HURDLES",0,"Running"
7,"2989","United States","Caleb DEAN","48.2",0.147,"M","400M HURDLES",0,"Running"
8,"2835","Qatar","Ismail Doudai ABAKAR","49.82",0.167,"M","400M HURDLES",0,"Running"
1,"1136","Netherlands","Femke BOL","51.54 WL",0.197,"F","400M HURDLES",0,"Running"
2,"1418","United States","Jasmine JONES","52.08 PB",0.174,"F","400M HURDLES",0,"Running"
3,"1314","Slovakia","Emma ZAPLETALOVÁ","53.00 NR",0.175,"F","400M HURDLES",0,"Running"
4,"1386","United States","Anna COCKRELL","53.13",0.159,"F","400M HURDLES",0,"Running"
5,"1190","Panama","Gianna WOODRUFF","53.34",0.187,"F","400M HURDLES",0,"Running"
6,"580","Belgium","Naomi VAN DEN BROECK","53.7",0.176,"F","400M HURDLES",0,"Running"
7,"1434","United States","Dalilah MUHAMMAD","54.82",0.149,"F","400M HURDLES",0,"Running"
8,"1037","Jamaica","Shiann SALMON","56.27",0.203,"F","400M HURDLES",0,"Running"
1,"","United States","Anna HALL","",NA,"F","HEPTATHLON",0,"Combined"
2,"","Ireland","Kate O'CONNOR","",NA,"F","HEPTATHLON",0,"Combined"
3,"","United States","Taliyah BROOKS","",NA,"F","HEPTATHLON",0,"Combined"
3,"","United Kingdom","Katarina JOHNSON-THOMPSON","",NA,"F","HEPTATHLON",0,"Combined"
5,"","Germany","Sandrina SPRENGEL","",NA,"F","HEPTATHLON",0,"Combined"
6,"","Netherlands","Sofie DOKTER","",NA,"F","HEPTATHLON",0,"Combined"
7,"","Finland","Saga VANNINEN","",NA,"F","HEPTATHLON",0,"Combined"
8,"","United Kingdom","Jade O'DOWDA","",NA,"F","HEPTATHLON",0,"Combined"
9,"","Netherlands","Emma OOSTERWEGEL","",NA,"F","HEPTATHLON",0,"Combined"
10,"","Colombia","Martha ARAUJO","",NA,"F","HEPTATHLON",0,"Combined"
11,"","United States","Michelle ATHERLEY","",NA,"F","HEPTATHLON",0,"Combined"
12,"","Spain","María VICENTE","",NA,"F","HEPTATHLON",0,"Combined"
13,"","Italy","Sveva GEREVINI","",NA,"F","HEPTATHLON",0,"Combined"
14,"","Lithuania","Beatričė JUŠKEVIČIŪTĖ","",NA,"F","HEPTATHLON",0,"Combined"
15,"","Poland","Adrianna SUŁEK-SCHUBERT","",NA,"F","HEPTATHLON",0,"Combined"
16,"","Australia","Camryn NEWTON-SMITH","",NA,"F","HEPTATHLON",0,"Combined"
17,"","Australia","Tori WEST","",NA,"F","HEPTATHLON",0,"Combined"
18,"","France","Auriana LAZRAQ-KHLASS","",NA,"F","HEPTATHLON",0,"Combined"
19,"","Estonia","Pippi Lotta ENOK","",NA,"F","HEPTATHLON",0,"Combined"
NA,"","United States","Timara CHAPMAN","",NA,"F","HEPTATHLON",0,"Combined"
NA,"","Belgium","Nafissatou THIAM","",NA,"F","HEPTATHLON",0,"Combined"
NA,"","United Kingdom","Abigail PAWLETT","",NA,"F","HEPTATHLON",0,"Combined"
NA,"","Germany","Vanessa GRIMM","",NA,"F","HEPTATHLON",0,"Combined"
NA,"","Switzerland","Annik KÄLIN","",NA,"F","HEPTATHLON",0,"Combined"
1,"","Germany","Leo NEUGEBAUER","",NA,"M","DECATHLON",0,"Combined"
2,"","Puerto Rico","Ayden OWENS-DELERME","",NA,"M","DECATHLON",0,"Combined"
3,"","United States","Kyle GARLAND","",NA,"M","DECATHLON",0,"Combined"
4,"","Germany","Niklas KAUL","",NA,"M","DECATHLON",0,"Combined"
5,"","Estonia","Johannes ERM","",NA,"M","DECATHLON",0,"Combined"
6,"","United States","Heath BALDWIN","",NA,"M","DECATHLON",0,"Combined"
7,"","United States","Harrison WILLIAMS","",NA,"M","DECATHLON",0,"Combined"
8,"","Bahamas","Kendrick THOMPSON","",NA,"M","DECATHLON",0,"Combined"
9,"","France","Makenson GLETTY","",NA,"M","DECATHLON",0,"Combined"
10,"","Belgium","Jente HAUTTEKEETE","",NA,"M","DECATHLON",0,"Combined"
11,"","Czechia","Vilém STRÁSKÝ","",NA,"M","DECATHLON",0,"Combined"
12,"","France","Antoine FERRANTI","",NA,"M","DECATHLON",0,"Combined"
13,"","Brazil","José Fernando FERREIRA","",NA,"M","DECATHLON",0,"Combined"
14,"","China","Xiang FEI","",NA,"M","DECATHLON",0,"Combined"
15,"","Czechia","Ondřej KOPECKÝ","",NA,"M","DECATHLON",0,"Combined"
NA,"","Estonia","Karel TILGA","",NA,"M","DECATHLON",0,"Combined"
NA,"","Grenada","Lindon VICTOR","",NA,"M","DECATHLON",0,"Combined"
NA,"","Norway","Sander SKOTHEIM","",NA,"M","DECATHLON",0,"Combined"
NA,"","Canada","Pierce LEPAGE","",NA,"M","DECATHLON",0,"Combined"
NA,"","Switzerland","Simon EHAMMER","",NA,"M","DECATHLON",0,"Combined"
NA,"","Netherlands","Sven ROOSEN","",NA,"M","DECATHLON",0,"Combined"
NA,"","Germany","Till STEINFORTH","",NA,"M","DECATHLON",0,"Combined"
NA,"","Estonia","Janek ÕIGLANE","",NA,"M","DECATHLON",0,"Combined"
NA,"","Canada","Damian WARNER","",NA,"M","DECATHLON",0,"Combined"
1,"2773","New Zealand","Hamish KERR","2.36 WL",NA,"M","HIGH JUMP",0,"Jumping"
2,"2668","South Korea","Sanghyeok WOO","2.34 =SB",NA,"M","HIGH JUMP",0,"Jumping"
3,"2248","Czechia","Jan ŠTEFELA","2.31",NA,"M","HIGH JUMP",0,"Jumping"
4,"2956","Ukraine","Oleh DOROSHCHUK","2.31",NA,"M","HIGH JUMP",0,"Jumping"
5,"2999","United States","JuVaughn HARRISON","2.28 =SB",NA,"M","HIGH JUMP",0,"Jumping"
6,"2470","India","Sarvesh Anil KUSHARE","2.28 PB",NA,"M","HIGH JUMP",0,"Jumping"
6,"3049","United States","Tyus WILSON","2.28 =SB",NA,"M","HIGH JUMP",0,"Jumping"
8,"2534","Italy","Matteo SIOLI","2.24",NA,"M","HIGH JUMP",0,"Jumping"
8,"2582","Japan","Ryoichi AKAMATSU","2.24",NA,"M","HIGH JUMP",0,"Jumping"
10,"2615","Japan","Yuto SEKO","2.2",NA,"M","HIGH JUMP",0,"Jumping"
11,"2047","Australia","Yual REATH","2.2",NA,"M","HIGH JUMP",0,"Jumping"
11,"2079","Belgium","Thomas CARMOY","2.2",NA,"M","HIGH JUMP",0,"Jumping"
NA,"2548","Jamaica","Romaine BECKFORD","NM",NA,"M","HIGH JUMP",0,"Jumping"
1,"537","Australia","Nicola OLYSLAGERS","2",NA,"F","HIGH JUMP",0,"Jumping"
2,"1228","Poland","Maria ŻODZIK","2.00 PB",NA,"F","HIGH JUMP",0,"Jumping"
3,"1365","Ukraine","Yaroslava MAHUCHIKH","1.97",NA,"F","HIGH JUMP",0,"Jumping"
3,"1282","Serbia","Angelina TOPIĆ","1.97 SB",NA,"F","HIGH JUMP",0,"Jumping"
5,"540","Australia","Eleanor PATTERSON","1.97",NA,"F","HIGH JUMP",0,"Jumping"
5,"1364","Ukraine","Yuliia LEVCHENKO","1.97",NA,"F","HIGH JUMP",0,"Jumping"
7,"895","Germany","Christina HONSEL","1.93",NA,"F","HIGH JUMP",0,"Jumping"
7,"867","United Kingdom","Morgan LAKE","1.93",NA,"F","HIGH JUMP",0,"Jumping"
9,"721","Cyprus","Elena KULICHENKO","1.93",NA,"F","HIGH JUMP",0,"Jumping"
10,"572","Belgium","Merel MAES","1.93",NA,"F","HIGH JUMP",0,"Jumping"
11,"918","Germany","Imke ONNEN","1.93",NA,"F","HIGH JUMP",0,"Jumping"
12,"723","Czechia","Michaela HRUBÁ","1.88",NA,"F","HIGH JUMP",0,"Jumping"
12,"933","Guinea","Fatoumata BALLEY","1.88",NA,"F","HIGH JUMP",0,"Jumping"
12,"1130","Montenegro","Marija VUKOVIĆ","1.88",NA,"F","HIGH JUMP",0,"Jumping"
15,"925","Ghana","Rose Amoanimaa YEBOAH","1.88",NA,"F","HIGH JUMP",0,"Jumping"
NA,"779","Estonia","Elisabeth PIHELA","NM",NA,"F","HIGH JUMP",0,"Jumping"
1,"2914","Sweden","Armand DUPLANTIS","6.30 WR",NA,"M","POLE VAULT",0,"Jumping"
2,"2447","Greece","Emmanouil KARALIS","6",NA,"M","POLE VAULT",0,"Jumping"
3,"2038","Australia","Kurtis MARSCHALL","5.95 =PB",NA,"M","POLE VAULT",0,"Jumping"
4,"3006","United States","Sam KENDRICKS","5.95 SB",NA,"M","POLE VAULT",0,"Jumping"
5,"2325","France","Thibaut COLLET","5.9",NA,"M","POLE VAULT",0,"Jumping"
6,"2758","Norway","Sondre Mogens GUTTORMSEN","5.90 =SB",NA,"M","POLE VAULT",0,"Jumping"
7,"2744","Netherlands","Menno VLOON","5.9",NA,"M","POLE VAULT",0,"Jumping"
8,"2342","France","Renaud LAVILLENIE","5.75",NA,"M","POLE VAULT",0,"Jumping"
9,"2843","Qatar","Seifeldin HENEIDA ABDESALAM","5.75 =NR",NA,"M","POLE VAULT",0,"Jumping"
10,"2418","Germany","Bo Kanda LITA BAEHRE","5.75 =SB",NA,"M","POLE VAULT",0,"Jumping"
11,"2326","France","Ethan CORMONT","5.55",NA,"M","POLE VAULT",0,"Jumping"
NA,"2944","Turkey","Ersu ŞAŞMA","NM",NA,"M","POLE VAULT",0,"Jumping"
1,"1431","United States","Katie MOON","4.90 SB",NA,"F","POLE VAULT",0,"Jumping"
2,"1433","United States","Sandi MORRIS","4.85 SB",NA,"F","POLE VAULT",0,"Jumping"
3,"1278","Slovenia","Tina ŠUTEJ","4.80 SB",NA,"F","POLE VAULT",0,"Jumping"
4,"728","Czechia","Amálie ŠVÁBÍKOVÁ","4.75 SB",NA,"F","POLE VAULT",0,"Jumping"
5,"1301","Switzerland","Angelica MOSER","4.65",NA,"F","POLE VAULT",0,"Jumping"
6,"1430","United States","Hana MOLL","4.65",NA,"F","POLE VAULT",0,"Jumping"
6,"1429","United States","Amanda MOLL","4.65",NA,"F","POLE VAULT",0,"Jumping"
8,"1187","New Zealand","Olivia MCTAGGART","4.65",NA,"F","POLE VAULT",0,"Jumping"
8,"823","France","Marie-Julie BONNIN","4.65",NA,"F","POLE VAULT",0,"Jumping"
10,"1183","New Zealand","Imogen AYRIS","4.45",NA,"F","POLE VAULT",0,"Jumping"
11,"674","China","Chunge NIU","4.45",NA,"F","POLE VAULT",0,"Jumping"
11,"977","Italy","Roberta BRUNI","4.45",NA,"F","POLE VAULT",0,"Jumping"
NA,"601","Brazil","Juliana DE MENIS CAMPOS","NM",NA,"F","POLE VAULT",0,"Jumping"
NA,"1186","New Zealand","Eliza MCCARTNEY","NM",NA,"F","POLE VAULT",0,"Jumping"
1,"2518","Italy","Mattia FURLANI","8.39 PB",NA,"M","LONG JUMP",0,"Jumping"
2,"2555","Jamaica","Tajay GAYLE","8.34 =SB",NA,"M","LONG JUMP",0,"Jumping"
3,"2194","China","Yuhao SHI","8.33 SB",NA,"M","LONG JUMP",0,"Jumping"
4,"2899","Switzerland","Simon EHAMMER","8.3",NA,"M","LONG JUMP",0,"Jumping"
5,"2142","Bulgaria","Bozhidar SARÂBOYUKOV","8.19",NA,"M","LONG JUMP",0,"Jumping"
6,"2208","China","Mingkun ZHANG","8.18",NA,"M","LONG JUMP",0,"Jumping"
7,"2921","Sweden","Thobias MONTLER","8.17",NA,"M","LONG JUMP",0,"Jumping"
8,"2282","Spain","Lester LESCAY","7.97",NA,"M","LONG JUMP",0,"Jumping"
9,"2578","Jamaica","Nikaoli WILLIAMS","7.85",NA,"M","LONG JUMP",0,"Jumping"
10,"2997","United States","Isaac GRIMES","7.85",NA,"M","LONG JUMP",0,"Jumping"
11,"2451","Greece","Miltiadis TENTOGLOU","7.83",NA,"M","LONG JUMP",0,"Jumping"
12,"2281","Spain","Jaime GUERRA","7.81",NA,"M","LONG JUMP",0,"Jumping"
1,"1390","United States","Tara DAVIS-WOODHALL","7.13 WL",NA,"F","LONG JUMP",0,"Jumping"
2,"916","Germany","Malaika MIHAMBO","6.99",NA,"F","LONG JUMP",0,"Jumping"
3,"698","Colombia","Natalia LINARES","6.92 =PB",NA,"F","LONG JUMP",0,"Jumping"
4,"833","France","Hilary KPATCHA","6.82",NA,"F","LONG JUMP",0,"Jumping"
5,"1381","United States","Claire BRYANT","6.68",NA,"F","LONG JUMP",0,"Jumping"
6,"1233","Portugal","Agate DE SOUSA","6.67",NA,"F","LONG JUMP",0,"Jumping"
7,"1143","Netherlands","Pauline HONDEMA","6.6",NA,"F","LONG JUMP",0,"Jumping"
8,"1382","United States","Quanesha BURKS","6.6",NA,"F","LONG JUMP",0,"Jumping"
9,"1315","Sweden","Maja ÅSKAG","6.49",NA,"F","LONG JUMP",0,"Jumping"
10,"617","Burkina Faso","Marthe KOALA","6.49",NA,"F","LONG JUMP",0,"Jumping"
11,"747","Egypt","Esraa OWIS","6.37",NA,"F","LONG JUMP",0,"Jumping"
12,"1013","British Virgin Islands","Chantel MALONE","6.33",NA,"F","LONG JUMP",0,"Jumping"
1,"2823","Portugal","Pedro PICHARDO","17.91 WL",NA,"M","TRIPLE JUMP",0,"Jumping"
2,"2512","Italy","Andrea DALLAVALLE","17.64 PB",NA,"M","TRIPLE JUMP",0,"Jumping"
3,"2231","Cuba","Lázaro MARTÍNEZ","17.49 SB",NA,"M","TRIPLE JUMP",0,"Jumping"
4,"2008","Algeria","Yasser Mohammed TRIKI","17.25",NA,"M","TRIPLE JUMP",0,"Jumping"
5,"2570","Jamaica","Jordan SCOTT","17.21",NA,"M","TRIPLE JUMP",0,"Jumping"
6,"2514","Italy","Andy DÍAZ HERNÁNDEZ","17.19",NA,"M","TRIPLE JUMP",0,"Jumping"
7,"2143","Burkina Faso","Hugues Fabrice ZANGO","16.92",NA,"M","TRIPLE JUMP",0,"Jumping"
8,"2352","France","Jonathan SEREMES","16.82",NA,"M","TRIPLE JUMP",0,"Jumping"
9,"2060","Austria","Endiorass KINGLEY","16.71",NA,"M","TRIPLE JUMP",0,"Jumping"
10,"2196","China","Wen SU","16.66",NA,"M","TRIPLE JUMP",0,"Jumping"
11,"2212","China","Yaming ZHU","16.51",NA,"M","TRIPLE JUMP",0,"Jumping"
12,"3017","United States","Salif MANE","16.29",NA,"M","TRIPLE JUMP",0,"Jumping"
1,"715","Cuba","Leyanis PÉREZ HERNÁNDEZ","14.94 WL",NA,"F","TRIPLE JUMP",0,"Jumping"
2,"739","Dominica","Thea LAFOND","14.89 SB",NA,"F","TRIPLE JUMP",0,"Jumping"
3,"1459","Venezuela","Yulimar ROJAS","14.76 SB",NA,"F","TRIPLE JUMP",0,"Jumping"
4,"716","Cuba","Liadagmis POVEA","14.72",NA,"F","TRIPLE JUMP",0,"Jumping"
5,"1036","Jamaica","Shanieka RICKETTS","14.56",NA,"F","TRIPLE JUMP",0,"Jumping"
6,"1270","Senegal","Saly SARR","14.55 PB",NA,"F","TRIPLE JUMP",0,"Jumping"
7,"1432","United States","Jasmine MOORE","14.51",NA,"F","TRIPLE JUMP",0,"Jumping"
8,"1038","Jamaica","Ackelia SMITH","14.37",NA,"F","TRIPLE JUMP",0,"Jumping"
9,"1273","Slovenia","Neja FILIPIČ","14.03",NA,"F","TRIPLE JUMP",0,"Jumping"
10,"897","Germany","Caroline JOYEUX","14",NA,"F","TRIPLE JUMP",0,"Jumping"
11,"1315","Sweden","Maja ÅSKAG","13.92",NA,"F","TRIPLE JUMP",0,"Jumping"
12,"1345","Turkey","Tuğba DANIŞMAZ","13.43",NA,"F","TRIPLE JUMP",0,"Jumping"
1,"2984","United States","Ryan CROUSER","22.34 SB",NA,"M","SHOT PUT",0,"Throwing"
2,"2705","Mexico","Uziel MUÑOZ","21.97 NR",NA,"M","SHOT PUT",0,"Throwing"
3,"2515","Italy","Leonardo FABBRI","21.94",NA,"M","SHOT PUT",0,"Throwing"
4,"2777","New Zealand","Tom WALSH","21.94 SB",NA,"M","SHOT PUT",0,"Throwing"
5,"2747","Nigeria","Chukwuebuka Cornnell ENEKWECHI","21.52",NA,"M","SHOT PUT",0,"Throwing"
6,"3030","United States","Adrian PIPERI","21.5",NA,"M","SHOT PUT",0,"Throwing"
7,"2971","United States","Josh AWOTUNDE","21.14",NA,"M","SHOT PUT",0,"Throwing"
8,"2382","United Kingdom","Scott LINCOLN","21",NA,"M","SHOT PUT",0,"Throwing"
9,"2789","Poland","Konrad BUKOWIECKI","20.66",NA,"M","SHOT PUT",0,"Throwing"
10,"2768","Norway","Marcus THOMSEN","20.53",NA,"M","SHOT PUT",0,"Throwing"
11,"2922","Sweden","Wictor PETERSSON","20.35",NA,"M","SHOT PUT",0,"Throwing"
12,"2247","Czechia","Tomáš STANĚK","19.91",NA,"M","SHOT PUT",0,"Throwing"
1,"1150","Netherlands","Jessica SCHILDER","20.29",NA,"F","SHOT PUT",0,"Throwing"
2,"1412","United States","Chase JACKSON","20.21",NA,"F","SHOT PUT",0,"Throwing"
3,"1189","New Zealand","Maddison-Lee WESCHE","20.06 =PB",NA,"F","SHOT PUT",0,"Throwing"
4,"632","Canada","Sarah MITTON","19.81",NA,"F","SHOT PUT",0,"Throwing"
5,"1329","Sweden","Fanny ROOS","19.54",NA,"F","SHOT PUT",0,"Throwing"
6,"917","Germany","Yemisi OGUNLEYE","19.33",NA,"F","SHOT PUT",0,"Throwing"
7,"683","China","Linru ZHANG","19.16",NA,"F","SHOT PUT",0,"Throwing"
8,"1442","United States","Jaida ROSS","19.01",NA,"F","SHOT PUT",0,"Throwing"
9,"663","China","Lijiao GONG","18.96",NA,"F","SHOT PUT",0,"Throwing"
10,"902","Germany","Alina KENZEL","18.42",NA,"F","SHOT PUT",0,"Throwing"
11,"911","Germany","Katharina MAISCH","18.21",NA,"F","SHOT PUT",0,"Throwing"
12,"1324","Sweden","Sara LENNMAN","17.78",NA,"F","SHOT PUT",0,"Throwing"
1,"2924","Sweden","Daniel STÅHL","70.47 SB",NA,"M","DISCUS THROW",0,"Throwing"
2,"2679","Lithuania","Mykolas ALEKNA","67.84",NA,"M","DISCUS THROW",0,"Throwing"
3,"2883","Samoa","Alex ROSE","66.96",NA,"M","DISCUS THROW",0,"Throwing"
4,"2031","Australia","Matthew DENNY","65.57",NA,"M","DISCUS THROW",0,"Throwing"
5,"2228","Cuba","Mario Alberto DÍAZ","64.71",NA,"M","DISCUS THROW",0,"Throwing"
6,"2681","Lithuania","Andrius GUDŽIUS","63.43",NA,"M","DISCUS THROW",0,"Throwing"
7,"2678","Lithuania","Martynas ALEKNA","63.34",NA,"M","DISCUS THROW",0,"Throwing"
8,"2890","Slovenia","Kristjan ČEH","63.07",NA,"M","DISCUS THROW",0,"Throwing"
9,"2062","Austria","Lukas WEISSHAIDINGER","62.26",NA,"M","DISCUS THROW",0,"Throwing"
10,"2772","New Zealand","Connor BELL","59.97",NA,"M","DISCUS THROW",0,"Throwing"
11,"2430","Germany","Mika SOSNA","58.6",NA,"M","DISCUS THROW",0,"Throwing"
NA,"2413","Germany","Henrik JANSSEN","NM",NA,"M","DISCUS THROW",0,"Throwing"
1,"1372","United States","Valarie ALLMAN","69.48",NA,"F","DISCUS THROW",0,"Throwing"
2,"1158","Netherlands","Jorinde VAN KLINKEN","67.50 SB",NA,"F","DISCUS THROW",0,"Throwing"
3,"713","Cuba","Silinda MORÁLES","67.25 PB",NA,"F","DISCUS THROW",0,"Throwing"
4,"1322","Sweden","Vanessa KAMGA","66.61 NR",NA,"F","DISCUS THROW",0,"Throwing"
5,"705","Croatia","Sandra ELKASEVIĆ","65.82",NA,"F","DISCUS THROW",0,"Throwing"
6,"1448","United States","Laulauga TAUSAGA","65.49",NA,"F","DISCUS THROW",0,"Throwing"
7,"662","China","Bin FENG","65.28",NA,"F","DISCUS THROW",0,"Throwing"
8,"888","Germany","Shanice CRAFT","65.21",NA,"F","DISCUS THROW",0,"Throwing"
9,"598","Brazil","Izabela DA SILVA","63.22",NA,"F","DISCUS THROW",0,"Throwing"
10,"1123","Moldova","Alexandra EMILIANOV","62.59",NA,"F","DISCUS THROW",0,"Throwing"
11,"1152","Netherlands","Alida VAN DAALEN","62.24",NA,"F","DISCUS THROW",0,"Throwing"
12,"1026","Jamaica","Samantha HALL","60.69",NA,"F","DISCUS THROW",0,"Throwing"
1,"2158","Canada","Ethan KATZBERG","84.70 CR",NA,"M","HAMMER THROW",0,"Throwing"
2,"2412","Germany","Merlin HUMMEL","82.77 PB",NA,"M","HAMMER THROW",0,"Throwing"
3,"2462","Hungary","Bence HALÁSZ","82.69",NA,"M","HAMMER THROW",0,"Throwing"
4,"2958","Ukraine","Mykhaylo KOKHAN","82.02 PB",NA,"M","HAMMER THROW",0,"Throwing"
5,"3050","United States","Rudy WINKLER","78.52",NA,"M","HAMMER THROW",0,"Throwing"
6,"2762","Norway","Thomas MARDAL","78.02",NA,"M","HAMMER THROW",0,"Throwing"
7,"2792","Poland","Paweł FAJDEK","77.75",NA,"M","HAMMER THROW",0,"Throwing"
8,"2465","Hungary","Ármin SZABADOS","77.15",NA,"M","HAMMER THROW",0,"Throwing"
9,"2759","Norway","Eivind HENRIKSEN","76.47",NA,"M","HAMMER THROW",0,"Throwing"
10,"3009","United States","Trey KNIGHT","76.11",NA,"M","HAMMER THROW",0,"Throwing"
11,"2464","Hungary","Dániel RÁBA","75.22",NA,"M","HAMMER THROW",0,"Throwing"
12,"2729","Netherlands","Denzel COMENENTIA","74.86",NA,"M","HAMMER THROW",0,"Throwing"
1,"638","Canada","Camryn ROGERS","80.51 WL",NA,"F","HAMMER THROW",0,"Throwing"
2,"684","China","Jie ZHAO","77.60 PB",NA,"F","HAMMER THROW",0,"Throwing"
3,"682","China","Jiale ZHANG","77.1",NA,"F","HAMMER THROW",0,"Throwing"
4,"807","Finland","Silja KOSONEN","75.28",NA,"F","HAMMER THROW",0,"Throwing"
5,"1437","United States","DeAnna PRICE","75.1",NA,"F","HAMMER THROW",0,"Throwing"
6,"1225","Poland","Anita WŁODARCZYK","74.64",NA,"F","HAMMER THROW",0,"Throwing"
7,"985","Italy","Sara FANTINI","73.06 SB",NA,"F","HAMMER THROW",0,"Throwing"
8,"732","Denmark","Katrine Koch JACOBSEN","71.59",NA,"F","HAMMER THROW",0,"Throwing"
9,"906","Germany","Aileen KUHN","71.57",NA,"F","HAMMER THROW",0,"Throwing"
10,"1419","United States","Janee' KASSANAVOID","70.35",NA,"F","HAMMER THROW",0,"Throwing"
11,"964","Ireland","Nicola TUTHILL","69.49",NA,"F","HAMMER THROW",0,"Throwing"
NA,"817","Finland","Krista TERVO","NM",NA,"F","HAMMER THROW",0,"Throwing"
1,"2933","Trinidad & Tobago","Keshorn WALCOTT","88.16 SB",NA,"M","JAVELIN THROW",0,"Throwing"
2,"2454","Grenada","Anderson PETERS","87.38",NA,"M","JAVELIN THROW",0,"Throwing"
3,"3040","United States","Curtis THOMPSON","86.67",NA,"M","JAVELIN THROW",0,"Throwing"
4,"2477","India","Sachin YADAV","86.27 PB",NA,"M","JAVELIN THROW",0,"Throwing"
5,"2434","Germany","Julian WEBER","86.11",NA,"M","JAVELIN THROW",0,"Throwing"
6,"2663","Kenya","Julius YEGO","85.54",NA,"M","JAVELIN THROW",0,"Throwing"
7,"2895","Sri Lanka","Rumesh Tharanga PATHIRAGE","84.38",NA,"M","JAVELIN THROW",0,"Throwing"
8,"2468","India","Neeraj CHOPRA","84.03",NA,"M","JAVELIN THROW",0,"Throwing"
9,"2809","Poland","Dawid WEGNER","83.03",NA,"M","JAVELIN THROW",0,"Throwing"
10,"2779","Pakistan","Arshad NADEEM","82.75",NA,"M","JAVELIN THROW",0,"Throwing"
11,"2250","Czechia","Jakub VADLEJCH","78.71",NA,"M","JAVELIN THROW",0,"Throwing"
12,"2039","Australia","Cameron MCENTYRE","75.65",NA,"M","JAVELIN THROW",0,"Throwing"
1,"742","Ecuador","Juleisy ANGULO","65.12 NR",NA,"F","JAVELIN THROW",0,"Throwing"
2,"1103","Latvia","Anete SIETIŅA","64.64 PB",NA,"F","JAVELIN THROW",0,"Throwing"
3,"534","Australia","Mackenzie LITTLE","63.58",NA,"F","JAVELIN THROW",0,"Throwing"
4,"1256","South Africa","Jo-Ane DU PLESSIS","63.06 SB",NA,"F","JAVELIN THROW",0,"Throwing"
5,"931","Greece","Elina TZENGKO","62.72",NA,"F","JAVELIN THROW",0,"Throwing"
6,"700","Colombia","Flor Denis RUIZ HURTADO","62.32 SB",NA,"F","JAVELIN THROW",0,"Throwing"
7,"1188","New Zealand","Tori MOORBY","61.53",NA,"F","JAVELIN THROW",0,"Throwing"
8,"1283","Serbia","Adriana VILAGOŠ","61.29",NA,"F","JAVELIN THROW",0,"Throwing"
9,"676","China","Lingdan SU","59.56",NA,"F","JAVELIN THROW",0,"Throwing"
10,"553","Austria","Victoria HUDSON","59.52",NA,"F","JAVELIN THROW",0,"Throwing"
11,"697","Colombia","Valentina BARRIOS","59.14",NA,"F","JAVELIN THROW",0,"Throwing"
12,"1210","Poland","Małgorzata MAŚLAK-GLUGLA","57.8",NA,"F","JAVELIN THROW",0,"Throwing"
1,"305","Brazil","Caio BONFIM","1:18:35",NA,"M","20 KILOMETRES RACE WALK",0,"Running"
2,"312","China","Zhaozhao WANG","1:18:43",NA,"M","20 KILOMETRES RACE WALK",0,"Running"
3,"328","Spain","Paul MCGRATH","1:18:45",NA,"M","20 KILOMETRES RACE WALK",0,"Running"
4,"334","France","Aurélien QUINION","1:18:49 PB",NA,"M","20 KILOMETRES RACE WALK",0,"Running"
5,"332","France","Gabriel BORDIER","1:19:23",NA,"M","20 KILOMETRES RACE WALK",0,"Running"
6,"310","China","Haifeng QIAN","1:19:38",NA,"M","20 KILOMETRES RACE WALK",0,"Running"
7,"360","Japan","Kento YOSHIKAWA","1:19:46",NA,"M","20 KILOMETRES RACE WALK",0,"Running"
8,"325","Spain","Diego GARCÍA CARRERA","1:20:05",NA,"M","20 KILOMETRES RACE WALK",0,"Running"
9,"357","Japan","Satoshi MARUO","1:20:09",NA,"M","20 KILOMETRES RACE WALK",0,"Running"
10,"339","Germany","Christopher LINKE","1:20:11",NA,"M","20 KILOMETRES RACE WALK",0,"Running"
11,"338","Germany","Leo KÖPP","1:20:35",NA,"M","20 KILOMETRES RACE WALK",0,"Running"
12,"367","Mexico","Ricardo ORTIZ","1:20:36",NA,"M","20 KILOMETRES RACE WALK",0,"Running"
13,"376","Sweden","Perseus KARLSTRÖM","1:20:37",NA,"M","20 KILOMETRES RACE WALK",0,"Running"
14,"371","Poland","Maher BEN HLIMA","1:20:39",NA,"M","20 KILOMETRES RACE WALK",0,"Running"
15,"320","Ecuador","Jordy Rafael JIMÉNEZ ARROBO","1:20:43",NA,"M","20 KILOMETRES RACE WALK",0,"Running"
16,"350","Italy","Francesco FORTUNATO","1:21:00",NA,"M","20 KILOMETRES RACE WALK",0,"Running"
17,"306","Brazil","Matheus CORREA","1:21:04 SB",NA,"M","20 KILOMETRES RACE WALK",0,"Running"
18,"329","Ethiopia","Misgana WAKUMA","1:21:17 SB",NA,"M","20 KILOMETRES RACE WALK",0,"Running"
19,"319","Ecuador","David HURTADO","1:21:18",NA,"M","20 KILOMETRES RACE WALK",0,"Running"
20,"301","Australia","Rhydian COWLEY","1:21:18",NA,"M","20 KILOMETRES RACE WALK",0,"Running"
21,"326","Spain","Álvaro LÓPEZ","1:21:28",NA,"M","20 KILOMETRES RACE WALK",0,"Running"
22,"374","Slovakia","Dominik ČERNÝ","1:21:29",NA,"M","20 KILOMETRES RACE WALK",0,"Running"
23,"304","Australia","Declan TINGAY","1:21:30",NA,"M","20 KILOMETRES RACE WALK",0,"Running"
24,"309","China","Chenjie LI","1:21:39",NA,"M","20 KILOMETRES RACE WALK",0,"Running"
25,"331","Finland","Veli-Matti PARTANEN","1:21:41 SB",NA,"M","20 KILOMETRES RACE WALK",0,"Running"
26,"381","Ukraine","Mukola RUSHCHAK","1:21:57",NA,"M","20 KILOMETRES RACE WALK",0,"Running"
27,"383","Ukraine","Serhii SVITLYCHNYI","1:22:24",NA,"M","20 KILOMETRES RACE WALK",0,"Running"
28,"359","Japan","Toshikazu YAMANISHI","1:22:39",NA,"M","20 KILOMETRES RACE WALK",0,"Running"
29,"317","Colombia","Mateo ROMERO","1:22:44",NA,"M","20 KILOMETRES RACE WALK",0,"Running"
30,"361","South Korea","Byeongkwang CHOE","1:22:52",NA,"M","20 KILOMETRES RACE WALK",0,"Running"
31,"345","India","Servin SEBASTIAN","1:23:03",NA,"M","20 KILOMETRES RACE WALK",0,"Running"
32,"342","Hungary","Bence VENYERCSÁN","1:23:06",NA,"M","20 KILOMETRES RACE WALK",0,"Running"
33,"364","Mexico","Noel CHAMA","1:23:41",NA,"M","20 KILOMETRES RACE WALK",0,"Running"
34,"353","Italy","Gianluca PICCHIOTTINO","1:23:50",NA,"M","20 KILOMETRES RACE WALK",0,"Running"
35,"377","Turkey","Mazlum DEMIR","1:24:11",NA,"M","20 KILOMETRES RACE WALK",0,"Running"
36,"349","Italy","Andrea COSI","1:24:18",NA,"M","20 KILOMETRES RACE WALK",0,"Running"
37,"330","Finland","Jerry JOKINEN","1:24:37",NA,"M","20 KILOMETRES RACE WALK",0,"Running"
38,"341","Guatemala","Erick Bernabé BARRONDO","1:24:42 SB",NA,"M","20 KILOMETRES RACE WALK",0,"Running"
39,"302","Australia","Tim FRASER","1:24:55",NA,"M","20 KILOMETRES RACE WALK",0,"Running"
40,"315","Colombia","César HERRERA","1:25:01",NA,"M","20 KILOMETRES RACE WALK",0,"Running"
41,"363","Latvia","Raivo SAULGRIEZIS","1:27:25",NA,"M","20 KILOMETRES RACE WALK",0,"Running"
42,"307","Brazil","Max Batista GONCALVES DOS SANTOS","1:27:34",NA,"M","20 KILOMETRES RACE WALK",0,"Running"
43,"373","South Africa","Wayne SNYMAN","1:30:12 SB",NA,"M","20 KILOMETRES RACE WALK",0,"Running"
NA,"365","Mexico","José Luis DOCTOR","DQ",NA,"M","20 KILOMETRES RACE WALK",0,"Running"
NA,"370","Peru","Luis Henry CAMPOS","DQ",NA,"M","20 KILOMETRES RACE WALK",0,"Running"
NA,"378","Turkey","Hayrettin YILDIZ","DQ",NA,"M","20 KILOMETRES RACE WALK",0,"Running"
NA,"380","Ukraine","Ihor HLAVAN","DQ",NA,"M","20 KILOMETRES RACE WALK",0,"Running"
NA,"340","Greece","Alexandros PAPAMICHAIL","DNS",NA,"M","20 KILOMETRES RACE WALK",0,"Running"
1,"126","Spain","María PÉREZ","1:25:54 SB",NA,"F","20 KILOMETRES RACE WALK",0,"Running"
2,"156","Mexico","Alegna GONZÁLEZ","1:26:06 AR",NA,"F","20 KILOMETRES RACE WALK",0,"Running"
3,"148","Japan","Nanako FUJII","1:26:18 NR",NA,"F","20 KILOMETRES RACE WALK",0,"Running"
4,"121","Ecuador","Paula Milena TORRES","1:26:18 PB",NA,"F","20 KILOMETRES RACE WALK",0,"Running"
5,"163","Peru","Kimberly GARCÍA LEÓN","1:26:22 NR",NA,"F","20 KILOMETRES RACE WALK",0,"Running"
6,"114","China","Jiayu YANG","1:27:16 SB",NA,"F","20 KILOMETRES RACE WALK",0,"Running"
7,"122","Spain","Antia CHAMOSA","1:27:55 =PB",NA,"F","20 KILOMETRES RACE WALK",0,"Running"
8,"113","China","Quanming WU","1:28:08",NA,"F","20 KILOMETRES RACE WALK",0,"Running"
9,"111","China","Li MA","1:28:52",NA,"F","20 KILOMETRES RACE WALK",0,"Running"
10,"161","Peru","Mary Luz ANDIA","1:28:52",NA,"F","20 KILOMETRES RACE WALK",0,"Running"
11,"130","France","Pauline STEY","1:28:52",NA,"F","20 KILOMETRES RACE WALK",0,"Running"
12,"106","Brazil","Viviane LYRA","1:29:02",NA,"F","20 KILOMETRES RACE WALK",0,"Running"
13,"176","Ukraine","Lyudmila OLYANOVSKA","1:29:16",NA,"F","20 KILOMETRES RACE WALK",0,"Running"
14,"166","Poland","Katarzyna ZDZIEBŁO","1:29:31",NA,"F","20 KILOMETRES RACE WALK",0,"Running"
15,"144","Italy","Alexandrina MIHAI","1:29:44",NA,"F","20 KILOMETRES RACE WALK",0,"Running"
16,"134","Greece","Antigoni NTRISMPIOTI","1:29:47",NA,"F","20 KILOMETRES RACE WALK",0,"Running"
17,"142","Italy","Federica CURIAZZI","1:29:48",NA,"F","20 KILOMETRES RACE WALK",0,"Running"
18,"149","Japan","Kumiko OKADA","1:30:12",NA,"F","20 KILOMETRES RACE WALK",0,"Running"
19,"177","Ukraine","Mariia SAKHARUK","1:30:38",NA,"F","20 KILOMETRES RACE WALK",0,"Running"
20,"118","Ecuador","Magaly Beatriz BONILLA","1:30:39 SB",NA,"F","20 KILOMETRES RACE WALK",0,"Running"
21,"101","Australia","Rebecca HENDERSON","1:31:05",NA,"F","20 KILOMETRES RACE WALK",0,"Running"
22,"124","Spain","Paula JUAREZ","1:31:50",NA,"F","20 KILOMETRES RACE WALK",0,"Running"
23,"154","Kazakhstan","Yasmina TOXANBAYEVA","1:31:51",NA,"F","20 KILOMETRES RACE WALK",0,"Running"
24,"178","Ukraine","Hanna SHEVCHUK","1:32:15",NA,"F","20 KILOMETRES RACE WALK",0,"Running"
25,"172","Slovakia","Hana BURZALOVÁ","1:32:28",NA,"F","20 KILOMETRES RACE WALK",0,"Running"
26,"169","Puerto Rico","Rachelle DE ORBETA","1:32:47 SB",NA,"F","20 KILOMETRES RACE WALK",0,"Running"
27,"181","United States","Lauren HARRIS","1:32:50 PB",NA,"F","20 KILOMETRES RACE WALK",0,"Running"
28,"167","Portugal","Vitória OLIVEIRA","1:33:02",NA,"F","20 KILOMETRES RACE WALK",0,"Running"
29,"129","France","Clémence BERETTA","1:33:14",NA,"F","20 KILOMETRES RACE WALK",0,"Running"
30,"164","Peru","Evelyn INGA","1:33:29",NA,"F","20 KILOMETRES RACE WALK",0,"Running"
31,"158","Mexico","Alejandra ORTEGA","1:34:18 SB",NA,"F","20 KILOMETRES RACE WALK",0,"Running"
32,"105","Brazil","Gabriela DE SOUSA","1:34:28 SB",NA,"F","20 KILOMETRES RACE WALK",0,"Running"
33,"102","Australia","Elizabeth MCMILLEN","1:34:58",NA,"F","20 KILOMETRES RACE WALK",0,"Running"
34,"135","Greece","Christina PAPADOPOULOU","1:35:05 SB",NA,"F","20 KILOMETRES RACE WALK",0,"Running"
35,"157","Mexico","Ilse GUERRERO","1:35:20",NA,"F","20 KILOMETRES RACE WALK",0,"Running"
36,"139","Hungary","Tiziana SPILLER","1:35:32",NA,"F","20 KILOMETRES RACE WALK",0,"Running"
37,"152","Japan","Ayane YANAI","1:35:44",NA,"F","20 KILOMETRES RACE WALK",0,"Running"
38,"127","Estonia","Jekaterina MIROTVORTSEVA","1:36:25",NA,"F","20 KILOMETRES RACE WALK",0,"Running"
39,"136","Greece","Panagiota TSINOPOULOU","1:37:40 SB",NA,"F","20 KILOMETRES RACE WALK",0,"Running"
40,"116","Colombia","Lucy Alejandra MENDOZA MALAGON","1:38:05",NA,"F","20 KILOMETRES RACE WALK",0,"Running"
41,"117","Colombia","Laura Cristina MOJICA CHALARCA","1:42:08",NA,"F","20 KILOMETRES RACE WALK",0,"Running"
NA,"100","Australia","Alexandra GRIFFIN","DNF",NA,"F","20 KILOMETRES RACE WALK",0,"Running"
NA,"108","Brazil","Erica SENA","DNF",NA,"F","20 KILOMETRES RACE WALK",0,"Running"
NA,"128","Ethiopia","Sintayehu MASIRE","DNF",NA,"F","20 KILOMETRES RACE WALK",0,"Running"
NA,"145","Italy","Antonella PALMISANO","DNF",NA,"F","20 KILOMETRES RACE WALK",0,"Running"
NA,"174","Turkey","Meryem BEKMEZ","DNF",NA,"F","20 KILOMETRES RACE WALK",0,"Running"
NA,"112","China","Li PENG","DQ",NA,"F","20 KILOMETRES RACE WALK",0,"Running"
NA,"137","Guatemala","Mirna ORTÍZ","DQ",NA,"F","20 KILOMETRES RACE WALK",0,"Running"
NA,"120","Ecuador","Johana ORDÓŇEZ","DNS",NA,"F","20 KILOMETRES RACE WALK",0,"Running"
1,"308","Canada","Evan DUNFEE","2:28:22",NA,"M","35 KILOMETRES RACE WALK",0,"Running"
2,"305","Brazil","Caio BONFIM","2:28:55 SB",NA,"M","35 KILOMETRES RACE WALK",0,"Running"
3,"354","Japan","Hayato KATSUKI","2:29:16",NA,"M","35 KILOMETRES RACE WALK",0,"Running"
4,"314","China","Yingcheng ZHOU","2:29:31",NA,"M","35 KILOMETRES RACE WALK",0,"Running"
5,"334","France","Aurélien QUINION","2:30:24",NA,"M","35 KILOMETRES RACE WALK",0,"Running"
6,"324","Spain","Daniel CHAMOSA","2:30:42",NA,"M","35 KILOMETRES RACE WALK",0,"Running"
7,"374","Slovakia","Dominik ČERNÝ","2:31:17",NA,"M","35 KILOMETRES RACE WALK",0,"Running"
8,"352","Italy","Riccardo ORSONI","2:31:39",NA,"M","35 KILOMETRES RACE WALK",0,"Running"
9,"319","Ecuador","David HURTADO","2:32:35",NA,"M","35 KILOMETRES RACE WALK",0,"Running"
10,"371","Poland","Maher BEN HLIMA","2:33:08",NA,"M","35 KILOMETRES RACE WALK",0,"Running"
11,"301","Australia","Rhydian COWLEY","2:33:28",NA,"M","35 KILOMETRES RACE WALK",0,"Running"
12,"327","Spain","Miguel Ángel LÓPEZ","2:33:45",NA,"M","35 KILOMETRES RACE WALK",0,"Running"
13,"323","Spain","Manuel BERMÚDEZ","2:35:19",NA,"M","35 KILOMETRES RACE WALK",0,"Running"
14,"339","Germany","Christopher LINKE","2:36:10",NA,"M","35 KILOMETRES RACE WALK",0,"Running"
15,"306","Brazil","Matheus CORREA","2:36:35 PB",NA,"M","35 KILOMETRES RACE WALK",0,"Running"
16,"337","Germany","Jonathan HILBERT","2:36:47",NA,"M","35 KILOMETRES RACE WALK",0,"Running"
17,"336","Germany","Johannes FRENZL","2:36:47",NA,"M","35 KILOMETRES RACE WALK",0,"Running"
18,"355","Japan","Masatora KAWANO","2:37:15 SB",NA,"M","35 KILOMETRES RACE WALK",0,"Running"
19,"376","Sweden","Perseus KARLSTRÖM","2:37:47",NA,"M","35 KILOMETRES RACE WALK",0,"Running"
20,"372","Portugal","João VIEIRA","2:38:20",NA,"M","35 KILOMETRES RACE WALK",0,"Running"
21,"333","France","Kevin CAMPION","2:39:12",NA,"M","35 KILOMETRES RACE WALK",0,"Running"
22,"342","Hungary","Bence VENYERCSÁN","2:39:14",NA,"M","35 KILOMETRES RACE WALK",0,"Running"
23,"344","India","Sandeep KUMAR","2:39:15",NA,"M","35 KILOMETRES RACE WALK",0,"Running"
24,"363","Latvia","Raivo SAULGRIEZIS","2:40:19",NA,"M","35 KILOMETRES RACE WALK",0,"Running"
25,"303","Australia","Will THOMPSON","2:40:19 SB",NA,"M","35 KILOMETRES RACE WALK",0,"Running"
26,"357","Japan","Satoshi MARUO","2:40:29",NA,"M","35 KILOMETRES RACE WALK",0,"Running"
27,"307","Brazil","Max Batista GONCALVES DOS SANTOS","2:41:04 SB",NA,"M","35 KILOMETRES RACE WALK",0,"Running"
28,"347","Ireland","Oisin LANE","2:41:36",NA,"M","35 KILOMETRES RACE WALK",0,"Running"
29,"340","Greece","Alexandros PAPAMICHAIL","2:42:07",NA,"M","35 KILOMETRES RACE WALK",0,"Running"
30,"322","Ecuador","Oscar PATÍN","2:43:48",NA,"M","35 KILOMETRES RACE WALK",0,"Running"
31,"318","Czechia","Vít HLAVÁČ","2:44:08",NA,"M","35 KILOMETRES RACE WALK",0,"Running"
32,"300","Australia","Mitchell BAKER","2:51:11 SB",NA,"M","35 KILOMETRES RACE WALK",0,"Running"
33,"369","Panama","Yassir CABRERA","2:51:37",NA,"M","35 KILOMETRES RACE WALK",0,"Running"
34,"335","United Kingdom","Cameron CORBISHLEY","2:52:15",NA,"M","35 KILOMETRES RACE WALK",0,"Running"
NA,"311","China","Qin WANG","DNF",NA,"M","35 KILOMETRES RACE WALK",0,"Running"
NA,"321","Ecuador","Xavier MENA","DNF",NA,"M","35 KILOMETRES RACE WALK",0,"Running"
NA,"351","Italy","Matteo GIUPPONI","DNF",NA,"M","35 KILOMETRES RACE WALK",0,"Running"
NA,"362","South Korea","Mingyu KIM","DNF",NA,"M","35 KILOMETRES RACE WALK",0,"Running"
NA,"365","Mexico","José Luis DOCTOR","DNF",NA,"M","35 KILOMETRES RACE WALK",0,"Running"
NA,"366","Mexico","Andres Eduardo OLIVAS NÚÑEZ","DNF",NA,"M","35 KILOMETRES RACE WALK",0,"Running"
NA,"368","Mexico","Julio César SALAZAR","DNF",NA,"M","35 KILOMETRES RACE WALK",0,"Running"
NA,"375","Slovakia","Michal MORVAY","DNF",NA,"M","35 KILOMETRES RACE WALK",0,"Running"
NA,"379","Ukraine","Ivan BANZERUK","DNF",NA,"M","35 KILOMETRES RACE WALK",0,"Running"
NA,"380","Ukraine","Ihor HLAVAN","DNF",NA,"M","35 KILOMETRES RACE WALK",0,"Running"
NA,"313","China","Jinrui ZHANG","DQ",NA,"M","35 KILOMETRES RACE WALK",0,"Running"
NA,"315","Colombia","César HERRERA","DQ",NA,"M","35 KILOMETRES RACE WALK",0,"Running"
NA,"316","Colombia","José MONTANA","DQ",NA,"M","35 KILOMETRES RACE WALK",0,"Running"
NA,"343","India","Ram BABOO","DQ",NA,"M","35 KILOMETRES RACE WALK",0,"Running"
NA,"348","Italy","Teodorico CAPORASO","DQ",NA,"M","35 KILOMETRES RACE WALK",0,"Running"
NA,"382","Ukraine","Yehor SHELEST","DQ",NA,"M","35 KILOMETRES RACE WALK",0,"Running"
1,"126","Spain","María PÉREZ","2:39:01",NA,"F","35 KILOMETRES RACE WALK",0,"Running"
2,"145","Italy","Antonella PALMISANO","2:42:24",NA,"F","35 KILOMETRES RACE WALK",0,"Running"
3,"121","Ecuador","Paula Milena TORRES","2:42:44 NR",NA,"F","35 KILOMETRES RACE WALK",0,"Running"
4,"112","China","Li PENG","2:43:29 PB",NA,"F","35 KILOMETRES RACE WALK",0,"Running"
5,"166","Poland","Katarzyna ZDZIEBŁO","2:44:37 SB",NA,"F","35 KILOMETRES RACE WALK",0,"Running"
6,"123","Spain","Raquel GONZÁLEZ","2:45:41 SB",NA,"F","35 KILOMETRES RACE WALK",0,"Running"
7,"125","Spain","Cristina MONTESINOS","2:46:44",NA,"F","35 KILOMETRES RACE WALK",0,"Running"
8,"178","Ukraine","Hanna SHEVCHUK","2:49:44",NA,"F","35 KILOMETRES RACE WALK",0,"Running"
9,"101","Australia","Rebecca HENDERSON","2:50:03",NA,"F","35 KILOMETRES RACE WALK",0,"Running"
10,"163","Peru","Kimberly GARCÍA LEÓN","2:50:37",NA,"F","35 KILOMETRES RACE WALK",0,"Running"
11,"141","Italy","Nicole COLOMBI","2:51:04",NA,"F","35 KILOMETRES RACE WALK",0,"Running"
12,"172","Slovakia","Hana BURZALOVÁ","2:51:15",NA,"F","35 KILOMETRES RACE WALK",0,"Running"
13,"106","Brazil","Viviane LYRA","2:51:16",NA,"F","35 KILOMETRES RACE WALK",0,"Running"
14,"104","Australia","Olivia SANDERY","2:51:43",NA,"F","35 KILOMETRES RACE WALK",0,"Running"
15,"150","Japan","Yukiko UMENO","2:56:28",NA,"F","35 KILOMETRES RACE WALK",0,"Running"
16,"115","China","Hang YIN","2:56:51",NA,"F","35 KILOMETRES RACE WALK",0,"Running"
17,"143","Italy","Eleonora Anna GIORGI","2:58:50",NA,"F","35 KILOMETRES RACE WALK",0,"Running"
18,"132","Greece","Olga FIASKA","2:59:59 SB",NA,"F","35 KILOMETRES RACE WALK",0,"Running"
19,"103","Australia","Allanah PITCHER","3:00:08",NA,"F","35 KILOMETRES RACE WALK",0,"Running"
20,"151","Japan","Maika YAGI","3:01:27",NA,"F","35 KILOMETRES RACE WALK",0,"Running"
21,"147","Japan","Masumi FUCHISE","3:03:29",NA,"F","35 KILOMETRES RACE WALK",0,"Running"
22,"183","United States","Maria MICHTA-COFFEY","3:05:02 SB",NA,"F","35 KILOMETRES RACE WALK",0,"Running"
23,"119","Ecuador","Karla JARAMILLO","3:05:03",NA,"F","35 KILOMETRES RACE WALK",0,"Running"
24,"140","India","PRIYANKA","3:05:58",NA,"F","35 KILOMETRES RACE WALK",0,"Running"
25,"165","Poland","Agnieszka ELLWARD","3:08:21",NA,"F","35 KILOMETRES RACE WALK",0,"Running"
26,"109","Brazil","Mayara Luize VICENTAINER","3:08:54",NA,"F","35 KILOMETRES RACE WALK",0,"Running"
27,"168","Portugal","Joana PONTES","3:09:07 PB",NA,"F","35 KILOMETRES RACE WALK",0,"Running"
28,"111","China","Li MA","3:09:32",NA,"F","35 KILOMETRES RACE WALK",0,"Running"
29,"173","Slovakia","Ema HAČUNDOVÁ","3:10:21",NA,"F","35 KILOMETRES RACE WALK",0,"Running"
30,"182","United States","Miranda MELVILLE","3:12:07",NA,"F","35 KILOMETRES RACE WALK",0,"Running"
31,"162","Peru","Brigitte COAQUIRA ALBARRACIN","3:13:22",NA,"F","35 KILOMETRES RACE WALK",0,"Running"
32,"179","United States","Katie BURNETT","3:14:13",NA,"F","35 KILOMETRES RACE WALK",0,"Running"
33,"175","Turkey","Kader GÜVENÇ","3:14:46 PB",NA,"F","35 KILOMETRES RACE WALK",0,"Running"
34,"171","South Africa","Jessica GROENEWALD","3:16:03",NA,"F","35 KILOMETRES RACE WALK",0,"Running"
35,"153","Kazakhstan","Polina REPINA","3:20:00",NA,"F","35 KILOMETRES RACE WALK",0,"Running"
36,"107","Brazil","Elianay PEREIRA","3:20:32",NA,"F","35 KILOMETRES RACE WALK",0,"Running"
37,"131","Greece","Sofia ALIKANIOTI","3:21:06",NA,"F","35 KILOMETRES RACE WALK",0,"Running"
38,"170","Puerto Rico","Naomi GARCIA","3:21:57",NA,"F","35 KILOMETRES RACE WALK",0,"Running"
NA,"120","Ecuador","Johana ORDÓŇEZ","DNF",NA,"F","35 KILOMETRES RACE WALK",0,"Running"
NA,"134","Greece","Antigoni NTRISMPIOTI","DNF",NA,"F","35 KILOMETRES RACE WALK",0,"Running"
NA,"138","Hungary","Viktória MADARÁSZ","DNF",NA,"F","35 KILOMETRES RACE WALK",0,"Running"
NA,"155","Kazakhstan","Galina YAKUSHEVA","DNF",NA,"F","35 KILOMETRES RACE WALK",0,"Running"
NA,"159","Mexico","Valeria ORTUÑO","DNF",NA,"F","35 KILOMETRES RACE WALK",0,"Running"
NA,"160","Mexico","Karla Ximena SERRANO","DNF",NA,"F","35 KILOMETRES RACE WALK",0,"Running"
NA,"161","Peru","Mary Luz ANDIA","DNF",NA,"F","35 KILOMETRES RACE WALK",0,"Running"
NA,"110","Canada","Olivia LUNDMAN","DQ",NA,"F","35 KILOMETRES RACE WALK",0,"Running"
NA,"156","Mexico","Alegna GONZÁLEZ","DNS",NA,"F","35 KILOMETRES RACE WALK",0,"Running"
1,"USA","United States","Christian COLEMAN Kenneth BEDNAREK Courtney LINDSEY Noah LYLES","37.29 WL",0.141,"M","4X100 METRES RELAY",0,"Running"
2,"CAN","Canada","Aaron BROWN Jerome BLAKE Brendon RODNEY Andre DE GRASSE","37.55 SB",0.146,"M","4X100 METRES RELAY",0,"Running"
3,"NED","Netherlands","Nsikak EKPO Taymir BURNET Xavi MO-AJOK Elvis AFRIFA","37.81 NR",0.145,"M","4X100 METRES RELAY",0,"Running"
4,"GHA","Ghana","Ibrahim FUSEINI Benjamin AZAMATI Joseph Paul AMOAH Abdul-Rasheed SAMINU","37.93",0.16,"M","4X100 METRES RELAY",0,"Running"
5,"GER","Germany","Julian WAGNER Marvin SCHULTE Owen ANSAH Lucas ANSAH-PEPRAH","38.29",0.151,"M","4X100 METRES RELAY",0,"Running"
6,"JPN","Japan","Yuki KOIKE Hiroki YANAGITA Yoshihide KIRYU Towa UZAWA","38.35",0.162,"M","4X100 METRES RELAY",0,"Running"
7,"FRA","France","Ryan ZEZE Jeff ERIUS Lenny CHANTEUR Aymeric PRIAM","38.58",0.147,"M","4X100 METRES RELAY",0,"Running"
NA,"AUS","Australia","Connor BOND Jacob DESPARD Calab LAW Rohan BROWNING","DNF",0.15,"M","4X100 METRES RELAY",0,"Running"
1,"USA","United States","Melissa JEFFERSON-WOODEN Twanisha TERRY Kayla WHITE Sha'Carri RICHARDSON","41.75",0.154,"F","4X100 METRES RELAY",0,"Running"
2,"JAM","Jamaica","Shelly-Ann FRASER-PRYCE Tia CLAYTON Tina CLAYTON Jonielle SMITH","41.79 SB",0.14,"F","4X100 METRES RELAY",0,"Running"
3,"GER","Germany","Sina MAYER Rebekka HAASE Sophia JUNK Gina LÜCKENKEMPER","41.87",0.151,"F","4X100 METRES RELAY",0,"Running"
4,"GBR","United Kingdom","Dina ASHER-SMITH Amy HUNT Desiree HENRY Daryll NEITA","42.07",0.14,"F","4X100 METRES RELAY",0,"Running"
5,"ESP","Spain","Esperança CLADERA Jaël BESTUÉ Paula SEVILLA Maria Isabel PÉREZ","42.47",0.133,"F","4X100 METRES RELAY",0,"Running"
6,"FRA","France","Marie-ange RIMLINGER Sarah RICHARD Helene PARISOT Gémima JOSEPH","42.81",0.175,"F","4X100 METRES RELAY",0,"Running"
7,"CAN","Canada","Sade MCCREATH Jacqueline MADOGO Marie-Éloise LECLAIR Audrey LEDUC","42.82",0.15,"F","4X100 METRES RELAY",0,"Running"
NA,"POL","Poland","Magdalena NIEMCZYK Pia SKRZYSZOWSKA Krystsina TSIMANOUSKAYA Ewa SWOBODA","DQ",0.154,"F","4X100 METRES RELAY",0,"Running"
1,"BOT","Botswana","Lee Bhekempilo EPPIE Letsile TEBOGO Bayapo NDORI Busang Collen KEBINATSHIPI","2:57.76",0.168,"M","4X400 METRES RELAY",0,"Running"
2,"USA","United States","Vernon NORWOOD Jacory PATTERSON Khaleb MCRAE Rai BENJAMIN","2:57.83 SB",0.171,"M","4X400 METRES RELAY",0,"Running"
3,"RSA","South Africa","Lythe PILLAY Udeme OKON Wayde VAN NIEKERK Zakithi NENE","2:57.83",0.147,"M","4X400 METRES RELAY",0,"Running"
4,"BEL","Belgium","Jonathan SACOOR Robin VANDERBEMDEN Alexander DOOM Daniel SEGERS","2:59.48",0.133,"M","4X400 METRES RELAY",0,"Running"
5,"QAT","Qatar","Ammar Ismail YAHIA IBRAHIM Bassem HEMEIDA Ismail Doudai ABAKAR Abderrahman SAMBA","3:01.64",0.183,"M","4X400 METRES RELAY",0,"Running"
6,"GBR","United Kingdom","Lee THOMPSON Toby HARRIES Lewis DAVEY Charles DOBSON","3:03.05",0.225,"M","4X400 METRES RELAY",0,"Running"
7,"JAM","Jamaica","Delano KENNEDY Jevaughn POWELL Jasauna DENNIS Rusheen MCDONALD","3:03.46",0.208,"M","4X400 METRES RELAY",0,"Running"
8,"NED","Netherlands","Jonas PHIJFFERS Terrence AGARD Liemarvin BONEVACIA Ramsey ANGELA","3:04.84",0.183,"M","4X400 METRES RELAY",0,"Running"
9,"POR","Portugal","Pedro AFONSO Omar ELKHATIB João COELHO Ricardo DOS SANTOS","3:09.06",0.156,"M","4X400 METRES RELAY",0,"Running"
1,"USA","United States","Isabella WHITTAKER Lynna IRBY-JACKSON Aaliyah BUTLER Sydney MCLAUGHLIN-LEVRONE","3:16.61 CR",0.163,"F","4X400 METRES RELAY",0,"Running"
2,"JAM","Jamaica","Dejanea OAKLEY Stacey Ann WILLIAMS Andrenette KNIGHT Nickisha PRYCE","3:19.25 SB",0.146,"F","4X400 METRES RELAY",0,"Running"
3,"NED","Netherlands","Eveline SAALBERG Lieke KLAVER Lisanne DE WITTE Femke BOL","3:20.18 SB",0.217,"F","4X400 METRES RELAY",0,"Running"
4,"BEL","Belgium","Naomi VAN DEN BROECK Imke VERVAET Camille LAUS Helena PONETTE","3:22.15 SB",0.16,"F","4X400 METRES RELAY",0,"Running"
5,"POL","Poland","Anna GRYC Alicja WRONA-KUTRZEPA Justyna ŚWIĘTY-ERSETIC Natalia BUKOWIECKA","3:22.91 SB",0.198,"F","4X400 METRES RELAY",0,"Running"
6,"NOR","Norway","Josefine Tomine Eriksen AKS Amalie IUEL Astri ERTZGAARD Henriette JÆGER","3:23.71 NR",0.169,"F","4X400 METRES RELAY",0,"Running"
7,"FRA","France","Alexe DEAU Fanny PELTIER Louise MARAVAL Amandine BROSSIER","3:24.08 SB",0.183,"F","4X400 METRES RELAY",0,"Running"
8,"ITA","Italy","Anna POLINARI Virginia TROIANI Eloisa COIRO Alice MANGIONE","3:25.00",0.144,"F","4X400 METRES RELAY",0,"Running"
1,"USA","United States","Bryce DEADMON Lynna IRBY-JACKSON Jenoah MCKIVER Alexis HOLMES","3:08.80 =CR",0.179,"-","4X400 METRES RELAY",1,"Running"
2,"NED","Netherlands","Eugene OMALLA Lieke KLAVER Jonas PHIJFFERS Femke BOL","3:09.96 SB",0.238,"-","4X400 METRES RELAY",1,"Running"
3,"BEL","Belgium","Dylan BORLÉE Imke VERVAET Alexander DOOM Helena PONETTE","3:10.61",0.203,"-","4X400 METRES RELAY",1,"Running"
4,"POL","Poland","Maksymilian SZWED Natalia BUKOWIECKA Kajetan DUSZYŃSKI Justyna ŚWIĘTY-ERSETIC","3:10.63",0.253,"-","4X400 METRES RELAY",1,"Running"
5,"GBR","United Kingdom","Lewis DAVEY Emily NEWNHAM Toby HARRIES Nicole YEARGIN","3:10.84",0.183,"-","4X400 METRES RELAY",1,"Running"
6,"RSA","South Africa","Gardeo ISAACS Shirley NEKHUBUI Leendert KOEKEMOER Zenéy VAN DER WALT","3:11.89",0.175,"-","4X400 METRES RELAY",1,"Running"
7,"ITA","Italy","Luca SITO Anna POLINARI Vladimir ACETI Alice MANGIONE","3:15.82",0.17,"-","4X400 METRES RELAY",1,"Running"
8,"JPN","Japan","Takuho YOSHIZU Abigeirufuka IDO Kenki IMAIZUMI Nanako MATSUMOTO","3:17.53",0.172,"-","4X400 METRES RELAY",1,"Running"
